/*
 Navicat Premium Data Transfer

 Source Server         : zsy
 Source Server Type    : MySQL
 Source Server Version : 50720
 Source Host           : 127.0.0.1:3306
 Source Schema         : guigu-oa

 Target Server Type    : MySQL
 Target Server Version : 50720
 File Encoding         : 65001

 Date: 26/05/2023 10:17:17
*/

SET NAMES utf8mb4;
SET FOREIGN_KEY_CHECKS = 0;

-- ----------------------------
-- Table structure for act_evt_log
-- ----------------------------
DROP TABLE IF EXISTS `act_evt_log`;
CREATE TABLE `act_evt_log`  (
  `LOG_NR_` bigint(20) NOT NULL AUTO_INCREMENT,
  `TYPE_` varchar(64) CHARACTER SET utf8 COLLATE utf8_bin NULL DEFAULT NULL,
  `PROC_DEF_ID_` varchar(64) CHARACTER SET utf8 COLLATE utf8_bin NULL DEFAULT NULL,
  `PROC_INST_ID_` varchar(64) CHARACTER SET utf8 COLLATE utf8_bin NULL DEFAULT NULL,
  `EXECUTION_ID_` varchar(64) CHARACTER SET utf8 COLLATE utf8_bin NULL DEFAULT NULL,
  `TASK_ID_` varchar(64) CHARACTER SET utf8 COLLATE utf8_bin NULL DEFAULT NULL,
  `TIME_STAMP_` timestamp(3) NOT NULL DEFAULT CURRENT_TIMESTAMP(3) ON UPDATE CURRENT_TIMESTAMP(3),
  `USER_ID_` varchar(255) CHARACTER SET utf8 COLLATE utf8_bin NULL DEFAULT NULL,
  `DATA_` longblob NULL,
  `LOCK_OWNER_` varchar(255) CHARACTER SET utf8 COLLATE utf8_bin NULL DEFAULT NULL,
  `LOCK_TIME_` timestamp(3) NULL DEFAULT NULL,
  `IS_PROCESSED_` tinyint(4) NULL DEFAULT 0,
  PRIMARY KEY (`LOG_NR_`) USING BTREE
) ENGINE = InnoDB AUTO_INCREMENT = 1 CHARACTER SET = utf8 COLLATE = utf8_bin ROW_FORMAT = Dynamic;

-- ----------------------------
-- Records of act_evt_log
-- ----------------------------

-- ----------------------------
-- Table structure for act_ge_bytearray
-- ----------------------------
DROP TABLE IF EXISTS `act_ge_bytearray`;
CREATE TABLE `act_ge_bytearray`  (
  `ID_` varchar(64) CHARACTER SET utf8 COLLATE utf8_bin NOT NULL,
  `REV_` int(11) NULL DEFAULT NULL,
  `NAME_` varchar(255) CHARACTER SET utf8 COLLATE utf8_bin NULL DEFAULT NULL,
  `DEPLOYMENT_ID_` varchar(64) CHARACTER SET utf8 COLLATE utf8_bin NULL DEFAULT NULL,
  `BYTES_` longblob NULL,
  `GENERATED_` tinyint(4) NULL DEFAULT NULL,
  PRIMARY KEY (`ID_`) USING BTREE,
  INDEX `ACT_FK_BYTEARR_DEPL`(`DEPLOYMENT_ID_`) USING BTREE,
  CONSTRAINT `ACT_FK_BYTEARR_DEPL` FOREIGN KEY (`DEPLOYMENT_ID_`) REFERENCES `act_re_deployment` (`ID_`) ON DELETE RESTRICT ON UPDATE RESTRICT
) ENGINE = InnoDB CHARACTER SET = utf8 COLLATE = utf8_bin ROW_FORMAT = Dynamic;

-- ----------------------------
-- Records of act_ge_bytearray
-- ----------------------------
INSERT INTO `act_ge_bytearray` VALUES ('d369c92a-f0dc-11ed-b1f7-28cdc4143a0f', 1, 'process/jiaban04.png', 'd369c929-f0dc-11ed-b1f7-28cdc4143a0f', 0x89504E470D0A1A0A0000000D49484452000003C3000000F30806000000A2E7C406000000206348524D00007A26000080840000FA00000080E8000075300000EA6000003A98000017709CBA513C0000000467414D410000B18E7CFB5193000000017352474200AECE1CE900000006624B474400FF00FF00FFA0BDA793000000097048597300000EC400000EC401952B0E1B000020004944415478DAEDDD0B949565BD3FF077980106416E225222A9C951CA04EF1D333553A98E275DA53104C793ABB2FCF7EFE2B2E5A5F484E9CA53E794E6B1938596211CF0EFA52C2D513B9198118A82E2FD02820CC37DB80F3297FFF3DBCE9E3603C34566863DC3E7B3D6EB7EF79E776FC667F6FBEEE7BB9F5B9601000000000000000000000000000000000000000000000000000000000000000000000000000000000000000000000000000000000000000000000000000000000000000000000000000000000000000000000000000000000000000000000000000000000000000000000000000000000000000000000000000000000000000000000000000000000000000000000000000000000000000000000000000000000000000000000000000000000000000000000000000000000000000000000000000000000000000000000000000000000000000000000000000000000000000000000000000000000000000000000000000000000000000000000000000000000000000000000000000000000000000000000000000000000000000000000000000000000000000000000000000000000000000000000000000000000000000000000000000000000000000000000000000000000000000000000000000000000000000000000000000000000000000000000000000000000000000000000000000000000000006C4389220000605B1A1A1ACAE7CD9BF77FD7AD5B3776C3860D87AF5FBFBEBCBEBE5EC1EC6E05BCA4A4A17BF7EE2BBA75EB3673F3E6CDFF79F2C927FF49A980300C0040114821F8CBCB972FFF614D4DCD3E83060DCAFAF4E993EDBBEFBE59972E5D14CE6E8A2F14D6AD5B97AD59B326ABAAAA7AABAEAEEE858D1B378E1D3972E45CA503C23000007BC882050B7EF3FAEBAF9F3364C890ECDDEF7E77B4642A943654595999CD9F3F7F634343C3E8D34F3FFD3E2502EDA354110000501884D376CEB061C3B2FDF7DF5F106E07D1E2DEBF7FFFAE4B972EFDA7B163C73E3B61C28497950A08C30000B493E81A3D7FFEFC4B2308F7EEDD7BAB9F6F5AB724AB7AFED759D50BF765CBE7FD29DBB06A5ED6BDE7C0ACAC7B6F85B79BBA75EB1681B87B5555D527C68C19F3C0C48913972A15685B067D0000909B2C2BC60847D7E89682F0C2A77E91AD5BFE52565FF756D6505F9B6D58F95AB660D66D59CD9A450AB015F4ECD9333BF8E083EB4B4B4B6F521A200C0300D00E62D6E8982C2BC6086FCBCA37A667B56FADDFEAF108C6CBE74D5380AD64F0E0C1FDCBCACA863EFCF0C31F541A200C0300D0C662F9A49835BAA531C21BB7D3FA1BADC6B49E81030756A59B4F2B09685B658A00808EE2A5975EFAC2C68D1B3F9FB623376CD8D0CB7AA7BB2F824F8F1E3D5677EFDEFDA98686861B8F3FFEF8DF2A95BD53AC231C61B8250D759B5B7E728373B1350D1830E0C0458B169DA62440180640083E77D5AA55BF58BA7469BFA8AC47374EEB9DB68EC6F54EFBAC59B3E6234B962C3975FAF4E9AF6DDEBCF9FCD34F3F7D8ED2D9BBAC5FBFBE3CCE2BF6BCF4777857BAD95F4940DB528B00A0D883F0F58B172FBE77E0C081FD8E3FFEF82C26F7E9D3A78F20DC5A1581548E3159D2E0C183B3638F3DB64BBA1D9A1E7BE2F1C71FFFACD2D9BBC41723CEABE2392F338D56200C03B0F77AEDB5D77EB86CD9B2CBDFFFFEF7971C78E081D63B6D07D1EA7ED4514775ADADADFDE5A38F3E7A9E1221AF6B8F7E2DFEACACBB16654018068056F1C20B2FFCF3C2850B2F39FCF0C34BB6B5CCCBE69AEA6CF1F3F766AF3E7A7DF6E2235765F3FFF6936C4DD5330AAE15C4F22E471E7964B714886F9F3A75EA914A84D07FC8495959B79E5B3D5EDAB547D6FF3D272B2040180680D6B07AF5EAF143860CD96610AE7B6B5DF6C6133FCF56573ED5B4D44BCDDAC559E5DCFF97552F7A52E1B552203EE490437A74EBD6ED56A541E8B5FFB0ACE780C3B7F9F8BE03DFAF800061180076D7CC99333FBA79F3E6812DAE77BA704656BB69CD367FB6FCB587B30633DBB68A54FE5D4A4B4BFFC17AA7E4D56DDEB8D563B59BD62A1840180680D69002D86583060D2A69698C70CD76D63B8D96E26839A675BCEB5D31A9ADF54EF7766FAD5F962D98755BB66ED90B5BFD6CFD8A57B2054F8ECF1D03200C03C06EA8A9A9191E3346B7A4A1BE76BBCFD732DC7AFAF6EDDBAF4B972E2395C4DE2B86232C98756BB661D5BC168FD950FD46367FE64FB3550B1E77FE011D8629DB01283A1B376EDCDF7AA7C5A157AF5EB1E4CEFB94C4DE275A7A97BCFCFB5CCBEFCEA8AF7B2B77FCDA652F6403FFE11359796EA95C80E2A5651880A2D3D0D0D0C57AA745525178FBEF50AA24F63ED1D2BBB341B850B420BFF1C4CF1420200C03406BDBDE7AA7A1AC5B2F8504BB295A7ADFA91D0D65002806BA4903D0E1F43DF0F86CFD8A57B79A51BAA4A44BD66FC8495949171F6FB0BB8E38E33A8500746A5A8601E8707AF4392805E2E3B67ABCAC7BEF6CE0D08F292000401806A0738A25949A6BA8DFBC5B5D3B01006118008A36042F7EFEDE6CF5A227B6F9B3797FBD295BB7FC250505006C974155007418314B6DE5DCBBB61A2B5C68734D75F6E6EC3BB27E834FC806BCF7CCACB46B0F05070008C3D019353434943DF5D453154F3FFDF467972C59727C5555559FB56BD776ADA9A9C9CACACA1A7AF7EE5D3B60C08025FDFBF77F72D0A041DFABA8A87842A9D191D46DDE982D9FF7A7AC7AE18CF47EAFDFA9E7AC7A7366B66EF9CBD90187FF53D66BFF610A11001086A13385E0499326FDE89A6BAEF97C7575F53EC3860DCB3EFAD18F66071D745096826F565E5E9EA5405C12C178E1C28583E7CE9D3B78C68C19E75E76D9654BD3D3AFFFC10F7E70A352A42358FCDCDDEFA8EB73AE9578CEA4ECE0132ECECA7B1FA820010061183ABA5FFFFAD71FBDF6DA6BEF4B41B767454545367CF8F0ACB4B474ABE32210C7B6FFFEFB67C71C734C76C105176473E6CC1978E79D77FEE86B5FFBDA25EBD6AD3BEB17BFF885019614B5DD9D14CBA45A0080300C9DC0A44993263EF8E0839F3DFBECB34B3EFEF18F6F33046F4F04E7B4954C9D3A75C83DF7DCF3EC658956628AD990633FAF10008056653669E860EEBBEFBE3B66CC9831E6D24B2F2D496178978370A191234766DFFEF6B7BBAE5FBFFE3F2EBFFCF26F295D00008461A0E88C1F3FFEE6871F7E78CCD5575F9D0D1D3AB4555EF33DEF794FF69DEF7CA76CEDDAB5E32EBAE8A22F28650000F606BA4943071163841F7CF0C1FF132DC231FEB735C5EB5D76D9655DBFFBDDEFFE78F4E8D18F4D9E3CF945250E00D0798C193366706D6DEDB9252525A7A6BB23D236286DBDD25693B6AA868686D9E9677F292D2D9D3269D2A4378561A068CC9A35EBAE1823DC5A2DC2CD450BF1673EF3997DEEBAEBAE3BD3DDE14A1C00A0E31B3D7AF4B9E9E62BF5F5F5A7A4B0DB6D1B8794A7EDE0F4B383D3EDB9757575FF515151312DDDBF6DF2E4C9133B73D9E8260D1DC0CD37DF7CD5A64D9BFAC518DFB614AFDFBB77EFF7A68BE658A50E00D071A5407B70AAD33DD8D0D0F0EBB49D91B66EBBF0F4D3D2F177A4D7987EFEF9E71FD659CB48CB30740055555597C4F2495DBB766DF37FEBC20B2FEC79D34D375D9E76272A7900808E67D4A851155DBA74F9EFFAFAFA7EF9C762D2D5238F3C323BF1C413B3C30E3B2CEBDBB76FB6EFBEFB661B366CC8AAABABB3F9F3E7673367CECC9E7AEAA96CF3E6CDF9A79D9C9EF7740AD51777C656622DC350E47EF5AB5F1D9D2E50FD6239A4F6F0810F7C202B2B2B1B12DF262A7D00DA43AA64670B162CD8E9E31F7FFCF1ECA1871EDAE2B154E96FF1F85B6FBD357BEBADEDAF371EC7BCF0C20BB9FD3973E6343DBE2BBF171449103E3B05E189F9201C21385620B9E1861BB22BAEB822FBC8473E921D74D041B9201CF6D9679FECDDEF7E7776D2492765DFF8C637B29B6EBA296BB66249AF68254E81B8D34DB42A0C43915BBA74E957468C1851B23B4B28EDAAE38F3FBE36DD9CA7F4013A8E8A8A8AABD276DEF9E79FDFABA3FDEE93264DCADE7CB3E5F97A7EFFFBDF670F3EF860D31641380271FEFE2DB7DC929D77DE794D81B7F96BF5ECD9337BF2C927B778ACF931CF3EFB6C2E20844B2EB9A4E9B52EB8E082ED066D28B2201C2DC2BF49E13557718C907BFDF5D7C7E459D9CE4EC01A2DC6717C3C2F7F4E84F49AE33BDB503ADDA4A1C8AD59B3E6D40F7FF8C3EDFA6FA6F0DDFFCF7FFEF39969F73FFD05003A8C6BE33FA5A5A5B52914CF4EBB0FA46D5A7979F98CDB6FBFBDA6987FF1975F7E39D74DB3259FF8C42772E1F5F5D75FCF52453F4BFF4FB9C77BF5EA95D5D5D565C3860DCBBEFCE52F371D3F65CA94EC7DEF7B5FEED8B074E9D2AC4F9F3EB9E01CD2675CB6DF7EFB65DFFCE637B3DADADAACA6A62677FBDA6BAF652B56ACC80E3CF0C0AC5BB7B787574618C8BF0E14B3E8D5D7D8353A17840F3FFCF0ECD24B2F6D6A01DE55F1DE1F376E5C76E38D37E6BE2C6A0CC43F4D81F8C9CEB2F288300C456ED9B26507C44CCFED292E7EA9727194D207E8B0F5BBE31AB7EFA4A0B72E555E67A44AECD454517EA4B2B272EEB469D36A8BE9178E20BA6AD5AAED1E936FD93DE38C33B2458B16E5F6478C18913DFAE8A3B9A07CEAA9A76E15A0F3E2E7F1D9164381F221E190430EC9ED47105EB26449AEF5B75FBF7EB9C77FF9CB5FE67E9FC2B93A3EF5A94F65B7DD765BEE182846E9FCBE35DF353A5A84772708E74517EAE83A1DA178E1C285F15074991E9F6E3FDC19CA4C188622B761C3867DA2BB4A7B5AB76E5D84E1FD2B2A2AC6A5BB55D9DBEBCF65252525D5E90258DDB89FEA2EB555D10211F7CBCBCBAB8ABDE581F695DE3FDF4C37774F993265BED2803D2A2AAF67448E8CC03768D0A0AA148EA745384ED7F047F6F47AA2D11DF9B8E38E8B9E503B3CF6F9E79FCFB50AE7C7F6466BEF33CF3C931D75D496DFDF468BEFF7BEF7BDEC98638EC9DD8FE3070C18900BD1314950FC5B975D76D9DB85D3AB576E8B96E0FEFDFBE78E89203C7DFAF42CFF6574BCD6B7BEF5AD760BC2CB972FCF4D62D4F839CCD66EF7D9B2A5583E299DDF1F8DFD185A1701767783706120FEEA57BF9A5D79E595B99E18C9C9D15DBA334CA8250C43914B9584D27C77B0F6326BD6ACDCB5346DDF297C3C559CB6D82F1CC71CDFACC78CD78D3FAB8EE05CF8B91E193B9FB51BEFE74525ACAEF179CBD3F3D635EED7A4FDAAE6FBE9225C73D75D775579677408FF115B7A5FDC9F6E7F982A2ED31409EC7171211F94AEAB71C1AE888A6D3A4737A5FD972A2B2BF7C82FF4BFFFFBBFB92ECDD13A1CDD99070E1CB8CDE3E2B3305A829B8B16DF68D96D2EBA3C47800D8B172FCEB52847E87DECB1C7B237DE78638B63E3DF8DE3FFE77FFE271B3B766C2EF47EF2939F6C7AEECF7EF6B35C20682F11C49F7EFAE9ACF9E7305BE8545F14C498FF54D7999BDE6FF7BFC39E1B5FC9EF7CFCE31FDF62AC6F6B88D78B49B5EEBBEFBE7C5DEF4B5927587944188622D7B56BD7DA1434CBDA33101F7BECB1D93DF7DC1301F5BAB41D90BDBD187B5CF8FAA60B75DF82EBC7A082EBC8A0FC718DC71436671FBC33FF6E7ADE0EF72380E74377A3A696EB66FB358DF7F3FB4B9A07EBC6D7AE8AC79AEF0BDDADEAECD8D2DF6D6E2AE31FA70AEF9454B6EB140B64D9F9E79F3F285DD7F2D7D841E91CD96A3F1990B6FCA4583D1BEF6F71DD2D786C8797DA6D3CD63D6D4745F86A767D6D177FFCE31FA3552B5AAC731361FDDBBFFDDB368FFBD8C73ED6B49F9FDC2A1E8B301D81F5CE3BEF8CC9839A8E89709D1F233C77EEDC5CC08DCFD2D87FD7BBDED5745C84E308BBF1F3CF7EF6B35B85DE38B63D837088B94222B0A7BFC935CE922D74E62F07AE8D8686030E3860637A1F3FD4A54B975BD27BF8B19DF9BC1C3366CCE0FAFAFA8FE4EB491186DB429C6F31995DE3B24B27C718E58EDE422F0C43914B1FC0EBABABABFB4425A1BDC437E7A912B664F2E4C9E3DEC9F33FF7B9CFF54D01BE300C3755E4D285BE577AEDC24ADBE0826BD17EF9E3A2121895C1C6C7CB1B2B7DCDF7B366FB3B0CDD85C1BAF1F7D9E67EB3D0DD3C586F2F4C6F6A1EBA5BDACFFDCFEC5DDDCB8F8C7146E903FE3F53D9C678A39FE8E646B14AD7B1F2741D1BD4FC7AD4ECDAD43CB41E50104E0B83EAF6AE61DBBC3E35BF56B583578E3EFAE8A1EDFD8F4677E479F3E63575678EC9AB5E79E5956CE8D0BFFF2AB1B4D1ECD9B39B26B40AD18538C463F1B3789D0F7DE84331CF46D38CB96565654D01BAB06538B6C296E1934F3E39B77DFDEB5FDFEEEF5AF8DA6D2DBA7447995C7EF9E5E39C8D7FD7F8B9DCA95BCBD3B9DF23DD9C93AE2DE7A4BAC8FAF4FFFC87F4D86DDDBB779FD6527D2185E673D331B9EE7AB1146774F76F0B316C2FDE977FFBDBDFF20FC5CA231D7AB25561188A5C0A4B2FA40FED0FB667187EEDB5D7DE4C17E1D9EFF4F9E9621D5DA40BBB49B759E069A955A5A5309D1EEF5E58916D5661DD5EE5B530681FB1A330BD33ADDCB9645DD0BD3C6BB9657B8BD09D15B474377F5EF3B05D8CE13BFD3E7DD24D8C27FE66B174A1AEAAAACA4DB013E3169B55307295EC5DAD0047AB5561C5BD50AC651A4BB5B4F4F3FC3151B18F197263BDD3FC3AE3110A860C19E2C2B883F37F5BFB85E7FECE7CD916E7E68ECEF3560AADDBECDDD2EC9C8FA125EB1BF79B869A141E5330CC64DE2E9C8BB3D2F36E4ED78529715DF8FCE73FDFD0DE7FC3ABAEBA2AFBFEF7BFDF74FFDBDFFE7676CE39E7E4BA62E6BB4BC77B3EB6471E7924772E460B6E7E59A4E85EBD7AF5EADCECCFF96ECD7971FE6CAB6538C2774CA0B523D1753AC617E73DF1C4135B4CCA05ED207A829C97CED3F3D235E9ADF499F9DB74DE4E6ADE953A3DD6347BDC09279CD0A6BF50BC7E41183E551806DA54AA8CFFEED9679F3DE1C4134F6CB7751D66CE9C19537AFEB923944FB3AECC6D12BA5B6A21DA5E057C272BDEDB0AE3D98E42F70E2AB7DBBDDF2C7C6F11B8B356EE66BE93C59BEF42FD427AFE8FF65417EA891327E666908D6FBC63BDD358722596529930614276DA69A765175D7451EEB868B58A701A366CD890BB1F2D54D1252D5AB362B29DB56BD7E666DCBCE28A2B72C745A57DF0E0C17FAFD934AE777AD24927353DD6FC9858C222FF778AF54EA3421FE13942747409ED28CBBC1486D56CCB1E2285E74D536F91B4DFA760284661D7E096BEB4DAE92FA0B617685BD0528F906D7D51B5697B61B63DE73DD85137E7F4BBAC4D37B7C53665CA94B97BF2FD71DD75D765FFF22FFF92BDF7BDEF6D7A2C02F0B5D75E9B7DF0831FCCAEBEFAEA780FE55A7243B4ECC60460F1FE8F601B333D47488E73635BEB00C7245A79852DC3CDC5175EEBD7AF6FFA02245E2B5A9BEFB9E79EECE28B2FCE9DD3F9F334CEF77C2B36B4B36EF9603C68D0A0F5A3478F8E7ADA7F458B717AEF360DA63FF4D043DBF49738F8E0830BEF8EE8E8852A0C4391ABAEAE9E306BD6ACAB2EBCF0C21E851356B5A5A79F7E3ABA2BDFADF4DFD6D8925A18B4DB646DBDC2E0B083AE98CD037553D7CCE6CFDB41F86EDEE27DF0AE86EDED7533DF45C3A20B757ADEF851A346BD1C2DB5ED255A71A3A21C15E768798AB18BD1BD325A61A3AB623E088708C9471C714476FFFDF7679FFEF4A7733375CE983123D715338271B4E6867C6B54E8E8EB9D46D914CC6A5BF85E1B9CFE66653B08AE3B7C1FED66D7E01DB6AAE6C3EACE0C5DE8E473054453CE2D29E8DDBDA7C7ECC739F0F8E38FE78266BCF79B8BD01A4B1B45EB53E3D8C426B1DA4184D46BAEB9267BE08107DE7EC3ED44CFA9789D98257A5B2DC211AC63C2AAF8422B1F96A3B53ADF0A1CEB17C7EF934247AB4F4AC43BF69D3D31BEBD88F44CD7AE78837EA2F14B9CA60FE0B65E81A4D9EB0FE8E805290C43918B252FBEF4A52F3D3F67CE9C63DBE3DBE8993367CE4D17D6D5C672B6BF6D54C2DB7441FBC216EFE681BB95BB99EF92F46FFC43CC68FE99CF7CA6BDBEECC875D58CD6A19FFFFCE7D9D1471F9DABF446AB54548623984638CE8BB51BA3452A8E89901A613A826D2CEFD252D7E78EBCDE6984FD6DCD6ABB93ADAB8561B56956F9665D80E3B1158D8F372DDF5638BB7CE1F19671DB2551AE77C5C47593274F7EB1587EA968FD3DF7DC73B77B4CAC19DC7CDDE0D0BB77EFECC20B2FCCFEF55FFF7597BE184AD7BBED0E4D882ED685DDAC0BCFD9C289BB28AE40AC08FEFED199DF69ADE5945AD26C32B9F28E5E70C23074006BD6ACB96EC2840913870F1FDEB3AD5B876FB9E596B25471BA45A9777EDB68F16ED52F402A2A2A7679FC610A3C3106EAE5112346BCAF3DCA20825E04D97CCBD0CD37DF9C6DDAB429FBC94F7E92DD78E38DB950FA95AF7C253BFDF4D373B3D4C6FD08C7D1CA142DA631F6302AD8F996E1382E14B60C77F4F54EA3BB6AC1ACB64DE13695C59B298CD4360FAEC26A51981113EE74E699DB77B587C4F682301DEBA34BB8CF624CC01627403ADFEBD37538F75874EB6FCB401C43840A74F86BBD300C1DC0E4C9937FF3B9CF7DEEB9071E7860F8273FF9C9EE6DF5EFA4C0FDE8C68D1BBB5455554D51EAB493AAF4213E2D7D884F2D2D2D7D247A42C4835FF8C217DA65229F087AD18D39C6E1C6922A315BECF2E5CBB758DA25965CB9F4D24B7361382AE00F3DF450AE0B738CF18DEE623BD332DC91D73B8D6565CC6ADBA142E2D1E9BD335B49D01935F65AEB94D7A28A8A8A16C370FA8CACCBCF161DA779F4A049F71F89C9B4BA77EFFE604D4DCDB3E9F1C3E287D5D5D56D1A86E3F50B2C17868176912E74A3EEBDF7DED9C3860D2B1B3A7468AB370FA7CAF7FCA953A71E113312BEC3C5DE6167AC4FEFB1BF46F84D95F6472A2B2BE7EEE9F75B7EC996089D116C6382AB584731F663E6D93FFDE94FB9F1C179679F7D762E349F72CA29B9401B1583C296E1A88444A02DD491D73BA5631184A1D388C5B473DFB03606E1E8E5111F2477F6E8D1E391C6953BF2417A763E0CBFFEFAEB6D3AB6BD7086F5F8081586817611DF868E1A35EACBDFFFFEF77F7AFDF5D7F76DCDB50E972C5952356EDCB8AE29A05C5A4CE3CAE814EA1A3F2C6309A5692900CE28A62EB4D1ED39BA28474B6DCC5A9B1FC71B6296DB3BEEB8A3C5F182F1DC98153A9E1BC139DF7D3A66928E605C383B74475EEF14803DA25B63008E094D1F489F9FF7B7F4F999EA6F7F4E8139D6FC8DB95FB639DEBEB5C4EB17F873472F6461183A903BEFBC734A454545F995575EF9A3CB2FBFBC776BB410BFF2CA2BCF7FF7BBDFED932AF137A7D79FA8946945E7A70FEF2DBEBD2E36D1ED39BF545184D998D9797B95887C97E868C18DE7C4CCD31188630CD5CB2FBF9C6BD18D80DB7C364FEB9D02B0331A27119C963E637E15CB26EDCC67685959D96FEAEAEA6E88DD58FE6FE5CA95B979275A5BF4849A356B560C63CA4FD8D5E1571E1186A183993265CAEDA3468DAA19376EDC7F7FEA539FDA7CEEB9E70E7C87936AD5DE76DB6D0FFFF18F7F3C265D78AF4841F876A54B2BBF578BFE43329652F9F77FFFF7DCD22CFFF88FFFD8622B70ACFB1BADC631314984DEF1E3C7374DE0935F2F3866818EA59562A99838BE90F54E01D881AB4B4A4AE6979797DFBDAB3DA862BE8DD1A347C7FC1B67A4509CFDE10F7FC8C68C19D3EABF607CA95B5B5B9B0FC28F758695478461E8801A5B8867DC7BEFBDB7C638DF8B2EBAA8ECB8E38E3B60679FFF97BFFCE5D15499EFBD69D3A67DD385F7B47431D3359ABDD2D0A14373CB2AE59736FAED6F7F9BEBD21C4137C609E75B7323A01E70C001B92561F2C136BA42C7D8E27C77E5182B1C2DB661F5EAD5B9B584870C19B2D5BF69BD53009A4B75B1EB76F3257E92B6336227C270CC6BD19A9F133104E877BFFB5D53AB70AA3FFEAC3394BB300C1DF7A2393F2E7A29149F77C30D377C39D6203DECB0C3169E7AEAA9BD0F3DF4D09EFBEDB7DF01E5E5E5651B376E5C912AE6EB52E57AE1A38F3EBAE9C5175F3CACB6B6369AB47E5C555535D16459ECEDF2413814AE33BA23D1021CE38A7795F54E01686DB1F248AA134E4BBBA745EB702C0F386EDCB85699593A8602FDF8C73FAEABAFAFCF77457C6CF1E2C59D62E51161183A7E288EAEA8778F193366F0F3CF3F7FDE73CF3DF7A174FFB8B4D5369EE33DD3B6316D31E624263AB8BB33746B818ECA7AA700B4910BD3165D9406545656663FFCE10F734B03EE4E208E209C8275C3A2458BF241785D4949C9173B4B638A300C9D44E3FAAC37366E0000EC451A571EF96A0AAB7744CE7BE9A59772ADC3DFF8C637DE5197E9E81A1D2DC2054138BA475FDC99561EE9E26D030000D0F1C5BC32E9E68BD9DB3D04B36821BEF2CA2BA3D124371BF4CE88E352B0CEAEB8E28AC216E198E9FACA14843BD5CA235A860100003A89FCCA2369F7A72525257D630CF1FDF7DF9F9B586BF8F0E1D909279C901D7AE8A1B96500A30B7574858E001C4BF8CD9A352BB6FA4D9B3645A3697EE6E858EFF8AB9D71E51161180000A013C9AF3C92C2F0F85872291E8B501CCBF2C5B60385BD871F8B31C29DA96BB4300C0000D089354E987A66AC3C9202ED9752283E6D17F2DF6369BBADB3AF3C220C03000074DE50DCB4F2487D7DFD792914E7571E1994B6F2B44597EAE5699B9DED652B8F08C30000009D9C9547B666366900000084610000001086010000401806000000611800000084610000001086010000401806000000611800803D5929ECD2A5A1BEBE5E411481F4777823DDD42A09108601006863E5E5E54BD7AE5DAB208AC0AA55ABE6A69BD94A0284610000DA58D7AE5D1F5BBD7AB58228025555556BD2CD342501C23000006DACA6A6E6078B172FDEDCD0D0A030F6ACF92B57AE1C9E6EEF5114200C0300D0C64E39E5949929083F535959A930F6A0B973E73E9CFE0E95679E79E60CA501C2300000EDA0A6A666ECFCF9F337AC59B34661EC01D5D5D5F7AD5CB9F29FEBEBEB2F511A200C0300D04E468E1CF9620A62E73CF7DC73AB05E2F60FC2CF3EFBEC074A4A4ABE98FE0E73950808C30000B4A333CE38E391DADADAF3E6CC99B366C182052B8D216E73F3E7CE9D3BFE99679E3931ED7F3D95FFFD8A04846100F65225252575D63B2D0E8D7F873A25B1F705E2BABABA13E7CF9FFFE45FFFFAD765AFBCF2CAD3AB56ADAA725EB6DA79F5C68A152B1E78EEB9E7264F9F3E7DC3CA952B0F498F9D290843FB2A530400149B6EDDBABDB176EDDA43FBF4E9A330F6B0F477589C6E162989BD4F74998E9B871E7A68C4E2C58B3F9DB6D3D2FDBE692B573ABBEDC0B42D4BDB0B69BBC96459200C03404E5D5DDD6F57AF5EFDB51486F560DAC3962D5BB620DD4C57127BAFB3CE3A6B76BA99AD2480CE46250380A2B379F3E65F555656D618ABB8C7D52E59B264BFCC7AA70008C300D0F6A225AABEBEFEA9458B16D52A8D3DE7D5575F9D5E5757375F174E0084610068276FBDF5D617AD77BAE7AC5DBBF6D5CACACAF759EF1480CEAA541100508C264E9CB8FC820B2E7872C58A151FEBD3A74F79F7EEDD7D81DB7E41F8B93973E6C42449179F75D6598F291100846100684713264C787DECD8584B16A60000014C49444154B1B3972C59724E434343650AC5FD4A4A4A144CDB59F7D24B2FFDFED5575F3D3C82B0655E00E8CCD42800287A53A74E3DA24B972E379496968ED86FBFFD5EDD3FE9D7AFDF7BD3635645D84D0D0D0DABABABABE72E5EBC78C5CA952B0FAFAFAF5F185DA3478E1C3957E900200C03401188F54E4B4A4A3E9D764F4BDB7199F54E5B434C5216CBE64C4BDB3D26CB02000000000000000000000000000000000000000000000000000000000000000000000000000000000000000000000000000000000000000000000000000000000000000000000000000000000000000000000000000000000000000000000000000000000000000000000000000000000000000000000000000000000000000000000000000000000000000000000000000000000000000000000000000000000000000000000000000000000000000000000000000000A043F9FF05D15B87FA6CE9C30000000049454E44AE426082, 0);
INSERT INTO `act_ge_bytearray` VALUES ('d36a174b-f0dc-11ed-b1f7-28cdc4143a0f', 1, 'process/jiaban04.bpmn20.xml', 'd369c929-f0dc-11ed-b1f7-28cdc4143a0f', 0x3C3F786D6C2076657273696F6E3D22312E302220656E636F64696E673D225554462D38223F3E0A3C646566696E6974696F6E7320786D6C6E733D22687474703A2F2F7777772E6F6D672E6F72672F737065632F42504D4E2F32303130303532342F4D4F44454C2220786D6C6E733A7873693D22687474703A2F2F7777772E77332E6F72672F323030312F584D4C536368656D612D696E7374616E63652220786D6C6E733A7873643D22687474703A2F2F7777772E77332E6F72672F323030312F584D4C536368656D612220786D6C6E733A61637469766974693D22687474703A2F2F61637469766974692E6F72672F62706D6E2220786D6C6E733A62706D6E64693D22687474703A2F2F7777772E6F6D672E6F72672F737065632F42504D4E2F32303130303532342F44492220786D6C6E733A6F6D6764633D22687474703A2F2F7777772E6F6D672E6F72672F737065632F44442F32303130303532342F44432220786D6C6E733A6F6D6764693D22687474703A2F2F7777772E6F6D672E6F72672F737065632F44442F32303130303532342F44492220747970654C616E67756167653D22687474703A2F2F7777772E77332E6F72672F323030312F584D4C536368656D61222065787072657373696F6E4C616E67756167653D22687474703A2F2F7777772E77332E6F72672F313939392F585061746822207461726765744E616D6573706163653D22687474703A2F2F7777772E61637469766974692E6F72672F70726F63657373646566223E0A20203C70726F636573732069643D226A696162616E30342220697345786563757461626C653D2274727565223E0A202020203C73746172744576656E742069643D227369642D35433343314644462D343042382D343034432D423533302D304235373334383333433836223E3C2F73746172744576656E743E0A202020203C757365725461736B2069643D227369642D45463444423334352D463742322D343438442D393945392D34314137443436313839413022206E616D653D22E7BB8FE79086E5AEA1E689B9222061637469766974693A63616E64696461746555736572733D22746F6D302E746F6D3032223E3C2F757365725461736B3E0A202020203C757365725461736B2069643D227369642D35344646463442432D463145422D344532432D414332452D45313934383633434337393122206E616D653D22E4BABAE4BA8BE5AEA1E689B9222061637469766974693A63616E64696461746555736572733D22726F736530312C726F73653032223E3C2F757365725461736B3E0A202020203C656E644576656E742069643D227369642D34433541383135452D383837362D343731302D413345312D333543464337344537354132223E3C2F656E644576656E743E0A202020203C73657175656E6365466C6F772069643D227369642D43353145463231382D433538412D344446382D393545372D4333443137393033323842462220736F757263655265663D227369642D35433343314644462D343042382D343034432D423533302D30423537333438333343383622207461726765745265663D227369642D45463444423334352D463742322D343438442D393945392D343141374434363138394130223E3C2F73657175656E6365466C6F773E0A202020203C73657175656E6365466C6F772069643D227369642D44353639383843322D374336322D343645312D383044362D3346383539433645444644312220736F757263655265663D227369642D45463444423334352D463742322D343438442D393945392D34314137443436313839413022207461726765745265663D227369642D35344646463442432D463145422D344532432D414332452D453139343836334343373931223E3C2F73657175656E6365466C6F773E0A202020203C73657175656E6365466C6F772069643D227369642D30364439413936382D383043302D344239362D383745342D3737414446384431373446452220736F757263655265663D227369642D35344646463442432D463145422D344532432D414332452D45313934383633434337393122207461726765745265663D227369642D34433541383135452D383837362D343731302D413345312D333543464337344537354132223E3C2F73657175656E6365466C6F773E0A20203C2F70726F636573733E0A20203C62706D6E64693A42504D4E4469616772616D2069643D2242504D4E4469616772616D5F6A696162616E3034223E0A202020203C62706D6E64693A42504D4E506C616E652062706D6E456C656D656E743D226A696162616E3034222069643D2242504D4E506C616E655F6A696162616E3034223E0A2020202020203C62706D6E64693A42504D4E53686170652062706D6E456C656D656E743D227369642D35433343314644462D343042382D343034432D423533302D304235373334383333433836222069643D2242504D4E53686170655F7369642D35433343314644462D343042382D343034432D423533302D304235373334383333433836223E0A20202020202020203C6F6D6764633A426F756E6473206865696768743D2233302E30222077696474683D2233302E302220783D223233332E31393939373739393039383532352220793D223132392E3939393939373833393333313636223E3C2F6F6D6764633A426F756E64733E0A2020202020203C2F62706D6E64693A42504D4E53686170653E0A2020202020203C62706D6E64693A42504D4E53686170652062706D6E456C656D656E743D227369642D45463444423334352D463742322D343438442D393945392D343141374434363138394130222069643D2242504D4E53686170655F7369642D45463444423334352D463742322D343438442D393945392D343141374434363138394130223E0A20202020202020203C6F6D6764633A426F756E6473206865696768743D2238302E30222077696474683D223130302E302220783D223432332E31393939373436333832323430332220793D223131322E3939393939373732303132323337223E3C2F6F6D6764633A426F756E64733E0A2020202020203C2F62706D6E64693A42504D4E53686170653E0A2020202020203C62706D6E64693A42504D4E53686170652062706D6E456C656D656E743D227369642D35344646463442432D463145422D344532432D414332452D453139343836334343373931222069643D2242504D4E53686170655F7369642D35344646463442432D463145422D344532432D414332452D453139343836334343373931223E0A20202020202020203C6F6D6764633A426F756E6473206865696768743D2238302E30222077696474683D223130302E302220783D223634342E393939393930333838373531312220793D223130342E39393939393834333533373831223E3C2F6F6D6764633A426F756E64733E0A2020202020203C2F62706D6E64693A42504D4E53686170653E0A2020202020203C62706D6E64693A42504D4E53686170652062706D6E456C656D656E743D227369642D34433541383135452D383837362D343731302D413345312D333543464337344537354132222069643D2242504D4E53686170655F7369642D34433541383135452D383837362D343731302D413345312D333543464337344537354132223E0A20202020202020203C6F6D6764633A426F756E6473206865696768743D2232382E30222077696474683D2232382E302220783D223838342E393939393836383132343732362220793D223133362E3939393939353730383436353636223E3C2F6F6D6764633A426F756E64733E0A2020202020203C2F62706D6E64693A42504D4E53686170653E0A2020202020203C62706D6E64693A42504D4E456467652062706D6E456C656D656E743D227369642D43353145463231382D433538412D344446382D393545372D433344313739303332384246222069643D2242504D4E456467655F7369642D43353145463231382D433538412D344446382D393545372D433344313739303332384246223E0A20202020202020203C6F6D6764693A776179706F696E7420783D223236332E31393035303534383938393235332220793D223134352E3533323939343337323632363135223E3C2F6F6D6764693A776179706F696E743E0A20202020202020203C6F6D6764693A776179706F696E7420783D223432332E31393939373436333832323430332220793D223135312E3232323231393934323334343537223E3C2F6F6D6764693A776179706F696E743E0A2020202020203C2F62706D6E64693A42504D4E456467653E0A2020202020203C62706D6E64693A42504D4E456467652062706D6E456C656D656E743D227369642D30364439413936382D383043302D344239362D383745342D373741444638443137344645222069643D2242504D4E456467655F7369642D30364439413936382D383043302D344239362D383745342D373741444638443137344645223E0A20202020202020203C6F6D6764693A776179706F696E7420783D223734342E393939393930333838373531312220793D223134342E39393939393834333533373831223E3C2F6F6D6764693A776179706F696E743E0A20202020202020203C6F6D6764693A776179706F696E7420783D223831342E393939393838363030363131392220793D223134342E39393939393834333533373831223E3C2F6F6D6764693A776179706F696E743E0A20202020202020203C6F6D6764693A776179706F696E7420783D223831342E393939393838363030363131392220793D223135302E3939393939353730383436353636223E3C2F6F6D6764693A776179706F696E743E0A20202020202020203C6F6D6764693A776179706F696E7420783D223838342E393939393836383132343732362220793D223135302E3939393939353730383436353636223E3C2F6F6D6764693A776179706F696E743E0A2020202020203C2F62706D6E64693A42504D4E456467653E0A2020202020203C62706D6E64693A42504D4E456467652062706D6E456C656D656E743D227369642D44353639383843322D374336322D343645312D383044362D334638353943364544464431222069643D2242504D4E456467655F7369642D44353639383843322D374336322D343645312D383044362D334638353943364544464431223E0A20202020202020203C6F6D6764693A776179706F696E7420783D223532332E3139393937343633383232342220793D223135312E313936353731343939303537223E3C2F6F6D6764693A776179706F696E743E0A20202020202020203C6F6D6764693A776179706F696E7420783D223634342E393939393930333838373531312220793D223134362E3830333432343635363434333437223E3C2F6F6D6764693A776179706F696E743E0A2020202020203C2F62706D6E64693A42504D4E456467653E0A202020203C2F62706D6E64693A42504D4E506C616E653E0A20203C2F62706D6E64693A42504D4E4469616772616D3E0A3C2F646566696E6974696F6E733E, 0);
INSERT INTO `act_ge_bytearray` VALUES ('dd360e48-eff0-11ed-b9a0-28cdc4143a0f', 1, 'process/qingjia.png', 'dd360e47-eff0-11ed-b9a0-28cdc4143a0f', 0x89504E470D0A1A0A0000000D494844520000033C000000EB0806000000AC2593E4000000206348524D00007A26000080840000FA00000080E8000075300000EA6000003A98000017709CBA513C0000000467414D410000B18E7CFB5193000000017352474200AECE1CE900000006624B474400FF00FF00FFA0BDA793000000097048597300000EC400000EC401952B0E1B00001E864944415478DAEDDD097455D5C12FF07393004146111487E2507D42B1625BA9D6DACAAB88ADB596E504884FA14E9DB4B5BAD4767D5DA5C3AAB5FDFCAADFABD5162D45A4E873A863954A15A9F62932595144450208248212209040A6B7F7959B17622E12727349F0F75BEBAC3BDF9BEC7BCF39FB7FF67092040000000000000000000000000000000000000000000000000000000000000000000000000000000000000000000000000000000000000000000000000000000000000000000000000000000000000000000000000000000000000000000000000000000000000000000000000000000000000000000000000000000000000000000000000000000000000000000000000000000000000000000000000000000000000000000000000000000000000000000000000000000000000000000000000000000000000000000000000000000000000000000000000000000000000000000000000000000000000000000000000000000000000000000000000000000000000000000000000000000000000000000000000000000000000000000000000000000000000000000000000000000000000000000000000000000000000000000000E02328A50880B6B078F1E28B2B2B2B2F0ACB519B376FEE5E5757A7505ABBC14EA592AE5DBBAEEFD2A5CBBCFAFAFA9B860E1DFAB05201008107C86FD019B96EDDBA3F555757EFDDBF7FFFA457AF5E498F1E3D9282820285D34A3134565454241B366C48CACACAEA6A6B6B9784723EE74B5FFAD24B4A0700041EA0EDC3CEF5AB57AFBE76C08001A9030E3820DD2241DB59B56A55B26CD9B2EACE9D3B8F3BE18413FEA24400E0830A1501900B4B962CB9B1ACACECEA418306A5FAF5EB27ECE4416C39EBD3A74F616969E9D7C68F1FFFDAA449935E552A00B03D3512A0D5162D5AF4B510761E1A3C7870AA67CF9E1F78BCBAAA3C59FBD653C9A6B58B939AAD9B92E21EFB277D0EFE42D2B3FFD10A2F07366DDA942C58B060537575F5F1A79E7AEA4225423ED5D7D7172F5DBAF4BB151515E76FDEBCF9C8F07B2C36662F0715B454AABE4B972EEF76EEDC797658B7FFF3C4134F7C5AA9C0AE295204406BAD5FBF7E62ECC6D65CD8A9DD5A912C7BF18F49CD960D0DF7556D5C9DAC5AF87F92BADAAD49EF038F5580ADD4AD5BB7E4D0430FED5A5252727BB879BC12215F42D0F9E69C39736EACAAAADA2B8ED98B8B317BB91142632A84C8BE1B366C38ADB4B474F8AC59B3165556569EEFA006B49C2E6D40ABCC9E3DFBE4AD5BB77E6BE0C081A9E6BAB1BD5B322BDDB2D39CAA0D2B92BD077C5EF7B71C0895CCD4AA55ABBA9D77DE79CF4C9932E56D25425B5BBE7CF98321645FB5FFFEFB770AEB7FD2BB77EFA4B8B8D8FA9C23B11CBB74E992C40349071C7040610891FD376EDC38FEC20B2F5C3879F2E4C54A08769E433040AB1416165ED3BF7FFF54B64A4ED58695595F1BBBB7C516207223543CE3C5594A827C849DB07C7DF0E0C1C981071E28E4E4419C0866C890215D43F0993263C68CD39508083C409E5455550D89534F67535F57B3C3D7D7D7EBEB9F2BBD7BF7DE3B54864E5512B4A5D88DEDADB7DEFAFA91471E9934D78D754B4559F2F68229C9EB4FFF2C59FCD48464F9BC493B3CF0C1CE8BDD578F3EFAE81E21604E993E7DFA514A04041E200F2A2B2BFBC53EFBEC7EDDBB778FFDFE3FA124682B718282B56BD7DE3860C080AC6167C5BC3F25156B17A7C7E8C5031E9BDF5B922C9F7B87D093C3D073C82187D4151616FEB7D2008107C84F05A8C000E576B2417FFF7B303693361367638B1314C4EE55CD796FD93FD35D559B8AE167EDD2990A30470E3AE8A03E454545473CF9E4932629018107D8DD3A75DD7B878F1775EEAE90A08388534FC799D8B28DD9A9DC412B4E6CFD2177F6DD77DFD2C4983D107880DDAFF7814393A22E1FECFA924A15247D0E3E314915981D1F3A8A789E9D1D8ED9ABADCEFE62E3F572AA6FDFBE07868B614A02041E6037EBDAEB63CD9E6B2786A07D8FF8B202820E249E54D498BDF6217C0F715AC6639404083C403BD05C9FFEFABAEA74BF7EA0E3A8ABAB7352D1F652817BFF7BD0440E020FB0BB83CEEA571F48D6AF7CB1D9C796FEDFFF4ECFE604EC19763466AFA88B962140E001F6209BD72D4D4A5EB82559BF6A5ED673ED545795A7CFD751F6DAC3496D75A542830EAECF801392A2CEDD3E707F61A7AEE9317B00BB83A65020A7627059BBF4E9A47CC5F33B7D52D1756FCF4E2AD6BE9EEC77E45793EEFD062944E8A0E2FADB6DCDA2F4818EA6F7F7D877B00202760B2D3C404EAD7EE5BE64DDF27FED74D8C948B7F6BC34D5C909A1836BAEB5B666CB460503083CC09EA1B5131198C8003AA6AD9BD624CBE7DE9154AC59F481C736BDFB46B27CCEC4F47300F24D973620A7067CE62285001F31B10BDB9A37A7373B2363C6E6F26549C9EC5B937E1F1F9EF4FED8F1E9737101083C0040BB155B6CCA5EFF5BBA056767C416DCF8FC8D6B1625FBFE8FD392E2F4A96400DA96C32B00C02E892D363B1B761A8BB3382E7BF10F0A1010780080F6AB3563EEEAEB6A14209017BAB40100BB64E0F05F280440E0818CFAFAFAA279F3E68D9E3F7FFE79656565434B4B4B7B6DDCB8B15355555552545454DFB367CF9ABE7DFB96F5E9D3674EFFFEFD7F397AF4E817951A00C0CE1B3B76EC413535352353A9D449E1E63161E91F96EE61A90A4B69A88F2D088F3D57585878F7D4A953DF167820474127AC50FFF5D39FFEF4A2F2F2F2BD060D1A949C7CF2C9C9C73EF6B124849BA4B8B83809A12715C3CF8A152B0E5AB870E141CF3FFFFCC86BAEB9E69DF0F2EB7FFDEB5FDFA4140100B21B3366CCC870F19DBABABA2F8640D3B999A71487E590F0D821E172646D6DED6F468F1E3D33DCBE63DAB46977093CB08BFEFAD7BF9EFCF39FFFFCA11066BA85952A19326448525858F8C13530849EB8F4EBD72FF9F4A73F9D5C70C105C94B2FBDB4EF3DF7DCF35F575C71C59515151523FEF4A73F2D56A20000FF5FA85FC510735B7D7DFDA9BBF0F261E175C3C27B5C1602D0F87BEFBDF74D81075A60EAD4A9773DF1C413E79D7EFAE9A9AF7CE52BCD069D1D89E1282CA9E9D3A70FB8FFFEFB5FBE26D0DA0300F0BE51A3468D2E2828F87D5D5DDDDE99FB627DEBA8A38E4A8E3BEEB8E4F0C30F4F7AF7EE9DF4E8D123D9BC7973525E5E9E94949424B367CF4EE6CD9B97545757675E766278DDFC3163C67C6B4F6CED117868130F3DF4D0941933668CBDEAAAAB92238E38A255EF75EAA9A72603070EECF49BE0DA6BAFDDEB861B6EF8A51206003EE261E7F41076EE0A61A7301374E201E6112346A47BCC34B5D75E7BA597030E382039E18413D2E1E7B1C71E4B1E7FFCF1A4B6B6363EA57B7D7DFD94107A8A43E8B97D4F2A2BD352937313274EFCDD934F3E39F6C73FFE71ABC34EC6C1071F9CFCE4273F29DAB871E3844B2FBDF462A50C007C84C34E6CD97930049474D88921E6FAEBAF8F1316341B769A135B7EE2F3E3EBE2B8EA8CF09E1343E8395FE0812CE2989D3973E67CFB8A2BAE48EDEC0AB7B3E2FB5D73CD359D6A6A6A6E0E2BE240A50D007CD4C4313B858585BFCF849D238F3C32993061C276A1A525E2EBE2EB3FF9C94F360E3DB7EE49752D81879C9A3B77EEBD71CC4EAE5A769A8A2D3DE79E7BEE5EC13D4A1B00F8A8292828B83D336627B6ECC4E103718C4E6BC4AE6EDFFFFEF71B87A6D8BD6DA2C0034DFCEE77BFFB8F2D5BB6EC1DC7DCB4A5F8FE3D7BF6FCF89ED6DC0A00B02371EAE910764E8ED7E3989D18525A1B761A879ECB2FBFBCF1245327EE29752D81879C292D2DBD324E3DDDA953A736FFACF1E3C7770BAE55EAAD17BEB3FF881BD061C38699C40400DAF73EF73B992B7182825DEDC6964D7CBFD34F3FBDE1767D7DFD65020F6C3379F2E44F959797EF1DA792CE87D8CFB4A8A86840ECC7AAF45BEDE76183F6D7FDF6DB6FC3A851A31E0C1BE22F9F73CE39DDDBF31F5C575797545454A4AFDF7AEBAD6DF639B7DF7E7BB275EBD60F7DCEA2458BD2D75F7AE9A586FB972F5FEE970540B67DEE9A508799D2927DEED8B1630F0A17FF335ECFCCC8D616BEFCE52F373E787DE29E50D71278C88977DE79E73BC71C734CAAA5E7DA698DA14387D6848BB3957E6EA452A9AE61F97AD8103F1EBEC7D2B081BB376E88C78D1B57DC5E42CEFDF7DF9F3CF1C413C92F7FF9CBE48E3BEE48DF3F67CE9C86E73CF3CC330D4128AAA9A94907966CCBA449931AC24AF4F6DB6F6FF799DDBA75DBEEFD9B7BCECB2FBFDC7084EDCA2BAF6C0848F1E4B9F16F068066F6B9BDC3C5F9DBF6B94BC33E77D287ED73C33E6D6466A2827880B94F9F3E6DF2B7C5D9DBE249E01BE9F0752D5D58C8890D1B369CF4852F7C21AF9F1902569F50C13D255CFD4FDF40CE758B1BB8B0613DBBAAAA6A6BD8103F1C36CE5357AF5EFDE8CC99336B76C71F545050909C75D6590DB7376EDCB8DDE3B145E5965B6E496EB8E186A47BF7F70F9695969626AFBEFA6A6C0D6CF63DE324188D5B70EEBEFBEEE4139FF844FAB3B605F9A457AF5EE990950954FBECB34F72F5D557A7C354289BF4E592254B9277DF7D3739F0C00393CE9D3BA79F1B4350E67DA03D09EB737D3C5610965B8A8B8B1FFCF39FFF5CAE5460B7EA1B9671619F3B2EEC572AC23A7A5FD8E73ED4749F1BEE3B2973FDB39FFD6C9BFE41F1FD5F78E185CCCD933A7A5D4BE02127D6AC59B35FAC3CE653AC50D6D6D61EADF4DB5CE74CF8E9DFBFFFA63163C63C136EFFEF2E5DBACC0C15A5AA7CFE210F3FFC703A50C45697380D67C6AA55ABD261252E8D43C641071D945E5AE2B4D34E6BB81E5B73E2EF2C335567FCCC430F3D347D3D869DB2B2B2742BCEDE7BEF9DBE3FB618AD5BB76EBB716C679E7966BA352A3E07DA9163C33229FC8E2786CA553CABFA2D61FD99A35860B7EB9E093F619FFB6ED8E73E196E4F8EFBDCB0BE1E9379D261871DD6A67FC421871CD2F8E6311DBD50051E7262F3E6CD7BC526D07CDAB2654B0C3CFDC2CE7A826F206FBA858D704C04A7C50A7F28FB921076F3F6E18F3CF2483CB16D72F4D1473774178B61E78D37DE88E7684ADF8E5DDA322D3C2D155B6E6277B94C537EECEED6B76FDF64E5CA95494949496CC96CF89CF8197189012C762B88CF8961E79FFFFC679209FFF1BD7EF4A31FE52DECAC5EBD3A99376F5ED2689D88FDFBD6367D5EF80EAB52A95469D3FB43582C0FE5FA81A3FD613DABBAF7DE7B4BFDFCF748B17BCCB8B884DFCDB3E1B7714BD7AE5D1FCCF7C18C9DF1D4534FA5D7B96C47B6E3B6205410B3B6ACC616DBD8A29BED20481C8F17BBA2665A69B33DE7F39FFF7C3268D0A0F498BDCCB8D5D8C23C60C000BFA68FB038BE266C2BB3D5ABFB6E0B322DB54F58274787CBD1719F1B34F4936EEB3A5793F7EF2BF04010762285C5C5F91DEAF1FCF3CF6776D63FF10DEC3687CC9E3D7BBBAE666D29531189DDD962B8F8F7BFFF9D0E3E318C545656A6BB973DF9E493C98D37DED8D08DED5FFFFA57525E5EFE814AD0DFFEF6B7E4339FF94C72E185176E777FEC9E16434A26400C1F3E3C5DC97AF6D9679365CB967DA002159FFF97BFFC2539FFFCF3D3C1E68C33CE6878ED1FFEF087F4349FF95C27E6CF9F9F7CD83A11C24EB3F7671B7314C7E6C519189B11BB5A946EBB6C2ADEDF5CA5B96ADB63CDDD5F96E54F6EF6BDB205B76DFF63697C5C78FB50991F43ECE6766228B71343C56A531C4F10CAEAE650566FEEAE3F2C76136DECF5D75F4F9F7324737FECB2FAD0430F35ACAFCF3DF75CB278F1E2E4D8638F4D6EBBEDB664DCB871497575753275EAD4E49BDFFC66BA65387649FDD6B7BE957E7E6CC16D1C7E3263F64E38E18486FB9A3E278ED9CBAC0B71CC5EECEE1AB74B3128C540F651EEC67ACE39E7F40FDB8AAC1581B03EF60FBFAF367B3CD82F2C3B7ABC7F5B3E1ED6977C1473C30F2C57535167D364DF55DCD17F9F020F39D1A953A79AB0932CCA67E839FEF8E3E320F6B885F9856FA055763630D6254D263A093B9FB742E5E2B07CFC9131CCC4F135B18271F3CD37A7BB8F6DFB0D24FBEDB75F326CD8B024FEFE1A4FA719C5A3C1CD8DE189B3D064FB9CCC989D850B17A6434C7CDF787DFFFDF76F785E0C4031D0C4C7CF3BEFBC0F049BF8DC7C869DCC3A114359083D3FCDD4E192668ECCC54A43AC3C3453A1E8BD6D206D53C5DB76F6CDED43B2F5193CA4CD6BEA5982DBB6FFA5A5E12D5B10DB95F096095C5B7636A4B583F0D6B830E3EFE6BBA1ACBE1BCAEAB1F0F9B787F56246F8AC8A7CFE9E63D8F8F8C73F9EBE7ED34D37A55B4F63EB4AEC62DAAF5FBF744BEA15575CB1DD6B62D889EB763CA03162C488F48190B8AE66D6F7C663FF3AFA98BD665A74B3AEF33B5969DFD1FABCA3ED43ABD7D75C3CDE0EBC9DE5E04F145BDA1BAF3FC376B10CEBC2F75090F92DB765E8D9BC7973D36D9DC003A162B7A9BCBCBC57EC4E902F5DBA74892B7FD9B469D326F806765DD859FE64073BB8DA50C699A9F70AC2EDF2707B469CC02094FF13B1DBCB37BEF18DFABC6CAC4268F9CE77DE3FFD40A878258D7F6B5FFCE217D3E1E37BDFFB5EB3AF6BE9E7642A478D5B78E2D2B885E7C4134F4C2FCD7D6663B1CB5FAC9CE5430C59B13BDEB5D75E9B9775229E472254FAFA37D78D23DBD1D86C616B07A12A6AF6C8ED0EDE6B4715BB6C9F53BC8390D6E2F0962D7065ABB4E529BCD56CAB94B5C457C3E77F357ED6A851A316C756957CC974178BC12376458BAD28F1373E79F2E474CB6C663C5D736297E7184662E0D9918E3C666F675B74F37180E1430E0CECD4E3D982FD871D44C8F1FB677DBCB8B8B834575D3DB74D1CB233DB91EDF6B9E177F872B8FBF0F858ECB9D0968127BE7F93C026F040D8102C0A95C1E3F31978962C59F276D8182C50FA3917A72DEBBC6D0710C34E3C2A150F79DED3B56BD719ED6146A7A62126D3923263C68C744069895881697C6436F6CD6FAE8567E9D2A5DB4D94904D3C4A1CBBD865BCF8E28BDB55AAF624DB660FCA56812EE948FF4B9C0A365426FA67A974B434BCEDE8355D9A7B4D1EC3DBE1ADA8F01E3977EEDCE4DC73CFCDDBF712D7C5383EE6673FFB593265CA94A467CF9EC975D75D973EF811BBA0C58313B125A7E93621B6C47CD8C18E8E3E66AF9916DD24C9326E6F672AF5E1B19AF0D8DB3BD8CF979BD12F2FB2EE7343505A905987DF7AEBAD9C9F7474BB0D78C9769BF00E5FD71278C889B07379E4E5975FFEEC71C71D97B736FDD9B367AF0B17CF28FD9CEBBC6D837B5F581E0B3BB947DBCB00E6D89524B6966C1BBC99168FCAC6FEFA63C68C49BEFDED6FA7C7F05C7EF9E5E91013BB7BECA8D2138F1A5F7FFDF5E931389923B9B11294D1B885A7A958D9D9B46953C3DF1283D382050BD25DECE218814CD799F8F7C5BFA3C9390D6867B6FDC64BF6E4F0165BE20A0B0B6397A5A777F1AD171E73CC3147E5E37F886163D6AC59C911471C91844A5F3AF8C4757FEDDAB5E9B03374E8D0E4F0C30F4F078FE6BA92ED6CF7EA8E3C662FDF2DBAB479C8F9D07D6E08A4CF84607AF6B63A5072D24927B5651DABF1CD0E5FD71278C889F2F2F23BE7CE9DFB1FE3C78FEF9AAF938FCE9F3F7F9F6D1B087220369D878B99A1F23079DB94D3EDEE485E6CBE8F1324C473ED642A45F1286F1C9C1C2B38B14FFEA38F3EDA30C8380E70FE30990A4B73E280E758A16AAE65275676E2D1DD38435C2610C5BF2BD39A130749C72E2FB1EB655B1E85831686B737B374836BAA3454AC6686EDC2F4B04D9F3175EAD4F491FF8B2EBA282F5D58634B4E663C5E66FD8BDDE9C2FF96FCE0073F48060F1E9CF5B5F12043E3F176B1B5271E90686E528E8E3C668F0EBFCF5D1F0F3EB4649F5B5454F4606D6DED6FE3D5384BE07BEFBDD726271F8DDDD9429D2EAEEB997E8C1DBEAE25F09013716778D96597BD1A56C0CFE4E348F6ECD9B317565555AD0F15DC12A5DF6A3F0E159B92B093BFAF3D4E45DBD8BEFBEE9B6EC1695C297AE081071AEF0C92912347E6ECF36290DAD114B5312C350E4C8DBBAE659B1401DAA938D8E55F61792254C066AC5AB56AE1EE3AC9702688C489071AAF7FB1D5F4E9A79F8E279D4E56AC5891BE1DC7F3C510D4386CFCF18F7F6CE88A16034A7CEC924B2E49079938B949930A64871DB347C715F6B9FF6B57F6B9B1AE3566CC98782062789C15EEF1C71F8FD361E7FCEF8B0701C23A98093BCFEE09752D81879CD9B061C32FEEBCF3CEBB860C19D2ADAD5B796EBBEDB6A2B0C1B84DA9B75ED89099E52E8B1D851DE8E015AE38DBD3A2E4FD23B73343E5EBF9F674C0230691D8C2D3B8BB5A3CC756E319D7A273CE3967BBD7C581FC71BAE84CAB6B7CFD6F7EF39B864A5CE359DA2263F6D81DA64D9B76572B5E7E4B58D2835563E08993F6E4B217413C98F0C8238F34B4EE846DC51FF684321778C8E50AFCE0B871E35E79ECB1C7869C71C6195DDAEA7342A89A55595959505A5A7AB7520768B173BA74E932A3BD0F406F1C76E278BB26B346650D4A2FBCF042B38FC573EC340D31C6ECD111EB5AA3478F9E19AE0E8BAD3C71CAF6091326E464C6B63815F5CD37DF5C1B7EDF99A3D6CF86F5628FA86B093CE454D8198C7AE08107160C1A34A8E888238EC87933CF92254B4AA64F9F3E30954A9DB43BBB5B00745477DF7D7787EB8F1F43440C16B172B7A38014676C8BE7DECAF678EC2A978D317B7420E3C3F26258FAAE5AB52A7DB2EDABAEBAAA55A127869DB07ED58775205377AB0875AD4BF694BA56A1DF0CB9B470E1C2F281030796BCF8E28BA77CEE739F2B8E03CA73A5ACACACF4473FFA51AAAEAEEE9A69D3A63DA5B4DB870B2EB86042665A5676BF38EE60CA94293F5512EC49EB7B9C88E4E28B2F4E0E3B2CFB798EE34944E3C940B38927318DB3BE6513CFBF134F629C4D0C42F1FC3F198DDF2BCE18F7A94F7D2A3DBE2897FB3DEB3BD9EA5A83070F5E1102491CB45A104F841BA78C8FEB403C796E4BC56E6CBFFAD5AF6ADF7CF3CD8666D5F0DE17ED4975AD023F1B72ED9E7BEEB97BD3A64D57FEF0873F5CF7C61B6FD4E6E23DC3FBBC7AF5D557D7565757FFAE957D5F01E8805A7A12E19632668F8E56D70A179724EF9F5038892D3DA1DE152736D8A9EE9F517C5E9CDDF4BAEBAE6BDCB2136790FBE19E56D7D2A58D361156A03F8F1A35AA6AC28409BF3FF3CC33AB478E1CB9EF2E4E645073C71D773CF98F7FFCE3D36105BC2EACE07F56BA0080BAD6FB75AD70F5D6542AD53B8EE989A7668893190C193224DDBD33B68AF6EEDD3BDDDD2D765B8B21274EB4115B84C252B765CB96D8F89199912D9E0FE8F23DB1AE25F0D0A6471F468F1EFDFC030F3C707B1C7773E9A597161D7BECB1FBEDECEB9F7BEEB95913274EEC1956C61E61451E1656ECD7942A00C0F675AD504F9A18A7AB8EF7C5E013C7BDC5E54334EEE9F56C1CB3336DDAB43DB2AE25F0D0D6471F4AC2C5F0B0329EFDDBDFFEF69B9D3A758A7D9D579C74D2493D0F3BECB06EFBECB3CF7EC5C5C545959595EFAE5FBFBEE28D37DE58316BD6AC2DAFBDF6DAE13535357145BCB9B4B4F42E1314000064AD6B9D12EB5A21B45C1682CFB016D4F19F0DCB1D7B7A5D4BE0215F2B639C15E8BEB163C71EF4EAABAF9EFDCA2BAF7C3EDC3E3679BFEF69FC1DC6519EF1C477B1E3E933F1B94E2A0A00D0F2BA565D5DDDD921F864EA5AFDC3521C96D8FD6D6D58167CD4EA5A020F7915CF121C2E6EDAB60000A0AED5A6CCD2060000083C000000020F000080C003000020F0000000083C000000020F000020F0000000083C000000020F000080C003000020F0000000083C000080C003000020F00004A954AAB6AEAE4E41B403DBBE875A250100020F90239D3B775EB671E34605D10E84EF6175B898AF240040E00172A4B6B6F6E1F5EBD76BE26907D6AC59B33C5CCC54120020F00039525D5D3D79D5AA5555F5F5F50A63F7AA292B2BDB275CDEAF280040E0017264C488110BEAEAEAE6AD5CB9B24669EC3E6FBEF9E63F6B6B6B4B4E39E594E795066D56692828A83766AF7D08DFC3B27061BB0B020F900F5BB76EBDA4A4A464F3860D1B14C66EB071E3C63757AD5AF5895001BA5269D0968A8B8BDF3166AF7D58B76EDDC270B1404980C003E4C1A9A79EFA5A7D7DFD59AFBCF2CA3B21F498252CBF61E795975E7AA928954A5D1CBE87854A84B6D4A953A767D7AF5FAF20DA81D2D2D2788469A692008107C893E1C387CFA8A9A9191B2ADF1B4B4A4ADE32A6A7CD552C5EBCF8C1F9F3E7F70D657D7928FF4715096DADAAAAEAD7AB57AFAEB67EEF7625EFBDF7DE90C4983DD829858A00C8953BEFBCF3ADB163C73EB461C386A12B57AEECBE79F3E605A954AAB2B8B8B877B87480A5954225737D7979F9DCA54B972E0861A773454545555D5DDDD81123463CAB74C887499326AD1C376EDCD70B0A0A0EE8D9B3A702D94D162E5C786F656565D129A79C72BDD2800F57A408805C8ADDDBC2C557FEFEF7BF1FF3CE3BEF9C159661E1F6C1B63739D12D2C5DC2F27A58AE374101BB435555D5F9252525737BF4E8B197D0937FE5E5E50FBDF7DE7B5FABABAB3B4569C0CE49290200A02566CC9831BCA8A8E8BEC18307F7127AF21B765E7EF9E54F86ABDFD38D15769E2E6D00408BC4EEABE79F7FFE9CB2B2B291A9546A53083D5DC3A582693B25B11B5B4949C99742397F5BD88196B175020076C9F4E9D307161414DC5C5454F4A97EFDFABDDDB76FDFFD7BF5EAD53FDCA7705A299E67274E3D1D67638B1314D4D7D7AF8A53CF9B8D11041E0020CFE298BD542A7556B83A2C2CC786A558A9B45A3CA9683CCFCECCB0DC6FCC1E000000000000000000000000000000000000000000000000000000000000000000000000000000000000000000000000000000000000000000000000000000000000000000000000000000000000000000000000000000000000000000000000000000000000000000000000000000000000000000000000000000000000000000000000000000000000000000000000000000000000000000000000009077FF0F7B9DA7C76EE1115E0000000049454E44AE426082, 0);
INSERT INTO `act_ge_bytearray` VALUES ('dd365c69-eff0-11ed-b9a0-28cdc4143a0f', 1, 'process/qingjia.bpmn20.xml', 'dd360e47-eff0-11ed-b9a0-28cdc4143a0f', 0x3C3F786D6C2076657273696F6E3D22312E302220656E636F64696E673D225554462D38223F3E0A3C646566696E6974696F6E7320786D6C6E733D22687474703A2F2F7777772E6F6D672E6F72672F737065632F42504D4E2F32303130303532342F4D4F44454C2220786D6C6E733A7873693D22687474703A2F2F7777772E77332E6F72672F323030312F584D4C536368656D612D696E7374616E63652220786D6C6E733A7873643D22687474703A2F2F7777772E77332E6F72672F323030312F584D4C536368656D612220786D6C6E733A61637469766974693D22687474703A2F2F61637469766974692E6F72672F62706D6E2220786D6C6E733A62706D6E64693D22687474703A2F2F7777772E6F6D672E6F72672F737065632F42504D4E2F32303130303532342F44492220786D6C6E733A6F6D6764633D22687474703A2F2F7777772E6F6D672E6F72672F737065632F44442F32303130303532342F44432220786D6C6E733A6F6D6764693D22687474703A2F2F7777772E6F6D672E6F72672F737065632F44442F32303130303532342F44492220747970654C616E67756167653D22687474703A2F2F7777772E77332E6F72672F323030312F584D4C536368656D61222065787072657373696F6E4C616E67756167653D22687474703A2F2F7777772E77332E6F72672F313939392F585061746822207461726765744E616D6573706163653D22687474703A2F2F7777772E61637469766974692E6F72672F70726F63657373646566223E0A20203C70726F636573732069643D2271696E676A69612220697345786563757461626C653D2274727565223E0A202020203C73746172744576656E742069643D227369642D32313433344236442D303239432D343536422D383446302D343543363736383535443633223E3C2F73746172744576656E743E0A202020203C757365725461736B2069643D227369642D36414135423941392D313936322D344435392D413441392D46433134374639354341353822206E616D653D22E5BCA0E4B889E5AEA1E689B9222061637469766974693A61737369676E65653D227A68616E6773616E223E3C2F757365725461736B3E0A202020203C757365725461736B2069643D227369642D38424137303939392D433941432D344430322D414630452D44374141374630423637423722206E616D653D22E69D8EE59B9BE5AEA1E689B9222061637469766974693A61737369676E65653D226C697369223E3C2F757365725461736B3E0A202020203C656E644576656E742069643D227369642D41394235424332342D363534352D344437422D424345392D304330434436413733353341223E3C2F656E644576656E743E0A202020203C73657175656E6365466C6F772069643D227369642D39334634444237372D394241382D343144422D424439302D3830333837374331304541322220736F757263655265663D227369642D32313433344236442D303239432D343536422D383446302D34354336373638353544363322207461726765745265663D227369642D36414135423941392D313936322D344435392D413441392D464331343746393543413538223E3C2F73657175656E6365466C6F773E0A202020203C73657175656E6365466C6F772069643D227369642D38464541414436412D364146342D344633442D423835302D4342434243333133303732392220736F757263655265663D227369642D36414135423941392D313936322D344435392D413441392D46433134374639354341353822207461726765745265663D227369642D38424137303939392D433941432D344430322D414630452D443741413746304236374237223E3C2F73657175656E6365466C6F773E0A202020203C73657175656E6365466C6F772069643D227369642D34454236334643352D444438412D344644442D393341432D3634353943464646344638452220736F757263655265663D227369642D38424137303939392D433941432D344430322D414630452D44374141374630423637423722207461726765745265663D227369642D41394235424332342D363534352D344437422D424345392D304330434436413733353341223E3C2F73657175656E6365466C6F773E0A20203C2F70726F636573733E0A20203C62706D6E64693A42504D4E4469616772616D2069643D2242504D4E4469616772616D5F71696E676A6961223E0A202020203C62706D6E64693A42504D4E506C616E652062706D6E456C656D656E743D2271696E676A6961222069643D2242504D4E506C616E655F71696E676A6961223E0A2020202020203C62706D6E64693A42504D4E53686170652062706D6E456C656D656E743D227369642D32313433344236442D303239432D343536422D383446302D343543363736383535443633222069643D2242504D4E53686170655F7369642D32313433344236442D303239432D343536422D383446302D343543363736383535443633223E0A20202020202020203C6F6D6764633A426F756E6473206865696768743D2233302E30222077696474683D2233302E302220783D223134362E31393939373932383733383632342220793D223132352E39393939393738393839333633223E3C2F6F6D6764633A426F756E64733E0A2020202020203C2F62706D6E64693A42504D4E53686170653E0A2020202020203C62706D6E64693A42504D4E53686170652062706D6E456C656D656E743D227369642D36414135423941392D313936322D344435392D413441392D464331343746393543413538222069643D2242504D4E53686170655F7369642D36414135423941392D313936322D344435392D413441392D464331343746393543413538223E0A20202020202020203C6F6D6764633A426F756E6473206865696768743D2238302E30222077696474683D223130302E302220783D223237332E313939393732383032343031332220793D223130302E3939393939363339333931393038223E3C2F6F6D6764633A426F756E64733E0A2020202020203C2F62706D6E64693A42504D4E53686170653E0A2020202020203C62706D6E64693A42504D4E53686170652062706D6E456C656D656E743D227369642D38424137303939392D433941432D344430322D414630452D443741413746304236374237222069643D2242504D4E53686170655F7369642D38424137303939392D433941432D344430322D414630452D443741413746304236374237223E0A20202020202020203C6F6D6764633A426F756E6473206865696768743D2238302E30222077696474683D223130302E302220783D223532342E393939393932313736383930352220793D223130342E39393939393834333533373831223E3C2F6F6D6764633A426F756E64733E0A2020202020203C2F62706D6E64693A42504D4E53686170653E0A2020202020203C62706D6E64693A42504D4E53686170652062706D6E456C656D656E743D227369642D41394235424332342D363534352D344437422D424345392D304330434436413733353341222069643D2242504D4E53686170655F7369642D41394235424332342D363534352D344437422D424345392D304330434436413733353341223E0A20202020202020203C6F6D6764633A426F756E6473206865696768743D2232382E30222077696474683D2232382E302220783D223734392E393939393838383234313239322220793D223132362E3939393939363030363438383839223E3C2F6F6D6764633A426F756E64733E0A2020202020203C2F62706D6E64693A42504D4E53686170653E0A2020202020203C62706D6E64693A42504D4E456467652062706D6E456C656D656E743D227369642D38464541414436412D364146342D344633442D423835302D434243424333313330373239222069643D2242504D4E456467655F7369642D38464541414436412D364146342D344633442D423835302D434243424333313330373239223E0A20202020202020203C6F6D6764693A776179706F696E7420783D223337332E313939393732383032343031332220793D223134312E3739343237373931333731333136223E3C2F6F6D6764693A776179706F696E743E0A20202020202020203C6F6D6764693A776179706F696E7420783D223532342E393939393932313736383930352220793D223134342E323035373136393135353834223E3C2F6F6D6764693A776179706F696E743E0A2020202020203C2F62706D6E64693A42504D4E456467653E0A2020202020203C62706D6E64693A42504D4E456467652062706D6E456C656D656E743D227369642D39334634444237372D394241382D343144422D424439302D383033383737433130454132222069643D2242504D4E456467655F7369642D39334634444237372D394241382D343144422D424439302D383033383737433130454132223E0A20202020202020203C6F6D6764693A776179706F696E7420783D223137362E31393939373932383733383632342220793D223134302E3939393939373735393538323834223E3C2F6F6D6764693A776179706F696E743E0A20202020202020203C6F6D6764693A776179706F696E7420783D223237332E313939393732383032343031332220793D223134302E39393939393638353834333036223E3C2F6F6D6764693A776179706F696E743E0A2020202020203C2F62706D6E64693A42504D4E456467653E0A2020202020203C62706D6E64693A42504D4E456467652062706D6E456C656D656E743D227369642D34454236334643352D444438412D344644442D393341432D363435394346464634463845222069643D2242504D4E456467655F7369642D34454236334643352D444438412D344644442D393341432D363435394346464634463845223E0A20202020202020203C6F6D6764693A776179706F696E7420783D223632342E393939393932313736383930352220793D223134332E39343137393637313538343138223E3C2F6F6D6764693A776179706F696E743E0A20202020202020203C6F6D6764693A776179706F696E7420783D223735302E303033313233313835363831352220793D223134312E3239363232363135323232333334223E3C2F6F6D6764693A776179706F696E743E0A2020202020203C2F62706D6E64693A42504D4E456467653E0A202020203C2F62706D6E64693A42504D4E506C616E653E0A20203C2F62706D6E64693A42504D4E4469616772616D3E0A3C2F646566696E6974696F6E733E, 0);
INSERT INTO `act_ge_bytearray` VALUES ('e7337554-f519-11ed-a778-28cdc4143a0f', 1, 'qingjia.bpmn20.xml', 'e7337553-f519-11ed-a778-28cdc4143a0f', 0x3C3F786D6C2076657273696F6E3D22312E302220656E636F64696E673D225554462D38223F3E0A3C646566696E6974696F6E7320786D6C6E733D22687474703A2F2F7777772E6F6D672E6F72672F737065632F42504D4E2F32303130303532342F4D4F44454C2220786D6C6E733A7873693D22687474703A2F2F7777772E77332E6F72672F323030312F584D4C536368656D612D696E7374616E63652220786D6C6E733A7873643D22687474703A2F2F7777772E77332E6F72672F323030312F584D4C536368656D612220786D6C6E733A61637469766974693D22687474703A2F2F61637469766974692E6F72672F62706D6E2220786D6C6E733A62706D6E64693D22687474703A2F2F7777772E6F6D672E6F72672F737065632F42504D4E2F32303130303532342F44492220786D6C6E733A6F6D6764633D22687474703A2F2F7777772E6F6D672E6F72672F737065632F44442F32303130303532342F44432220786D6C6E733A6F6D6764693D22687474703A2F2F7777772E6F6D672E6F72672F737065632F44442F32303130303532342F44492220747970654C616E67756167653D22687474703A2F2F7777772E77332E6F72672F323030312F584D4C536368656D61222065787072657373696F6E4C616E67756167653D22687474703A2F2F7777772E77332E6F72672F313939392F585061746822207461726765744E616D6573706163653D22687474703A2F2F7777772E61637469766974692E6F72672F70726F63657373646566223E0A3C212D2D202072756E202E7374617274E79A846B6579E698AF69642D2D3E0A20203C70726F636573732069643D2271696E676A696130312220697345786563757461626C653D2274727565223E0A202020203C73746172744576656E742069643D227369642D32313433344236442D303239432D343536422D383446302D343543363736383535443633223E3C2F73746172744576656E743E0A202020203C757365725461736B2069643D227369642D36414135423941392D313936322D344435392D413441392D46433134374639354341353822206E616D653D22E5BCA0E4B889E5AEA1E689B9222061637469766974693A61737369676E65653D227A68616E6773616E223E3C2F757365725461736B3E0A202020203C757365725461736B2069643D227369642D38424137303939392D433941432D344430322D414630452D44374141374630423637423722206E616D653D22E69D8EE59B9BE5AEA1E689B9222061637469766974693A61737369676E65653D226C697369223E3C2F757365725461736B3E0A202020203C656E644576656E742069643D227369642D41394235424332342D363534352D344437422D424345392D304330434436413733353341223E3C2F656E644576656E743E0A202020203C73657175656E6365466C6F772069643D227369642D39334634444237372D394241382D343144422D424439302D3830333837374331304541322220736F757263655265663D227369642D32313433344236442D303239432D343536422D383446302D34354336373638353544363322207461726765745265663D227369642D36414135423941392D313936322D344435392D413441392D464331343746393543413538223E3C2F73657175656E6365466C6F773E0A202020203C73657175656E6365466C6F772069643D227369642D38464541414436412D364146342D344633442D423835302D4342434243333133303732392220736F757263655265663D227369642D36414135423941392D313936322D344435392D413441392D46433134374639354341353822207461726765745265663D227369642D38424137303939392D433941432D344430322D414630452D443741413746304236374237223E3C2F73657175656E6365466C6F773E0A202020203C73657175656E6365466C6F772069643D227369642D34454236334643352D444438412D344644442D393341432D3634353943464646344638452220736F757263655265663D227369642D38424137303939392D433941432D344430322D414630452D44374141374630423637423722207461726765745265663D227369642D41394235424332342D363534352D344437422D424345392D304330434436413733353341223E3C2F73657175656E6365466C6F773E0A20203C2F70726F636573733E0A20203C62706D6E64693A42504D4E4469616772616D2069643D2242504D4E4469616772616D5F71696E676A6961223E0A202020203C62706D6E64693A42504D4E506C616E652062706D6E456C656D656E743D2271696E676A6961222069643D2242504D4E506C616E655F71696E676A6961223E0A2020202020203C62706D6E64693A42504D4E53686170652062706D6E456C656D656E743D227369642D32313433344236442D303239432D343536422D383446302D343543363736383535443633222069643D2242504D4E53686170655F7369642D32313433344236442D303239432D343536422D383446302D343543363736383535443633223E0A20202020202020203C6F6D6764633A426F756E6473206865696768743D2233302E30222077696474683D2233302E302220783D223134362E31393939373932383733383632342220793D223132352E39393939393738393839333633223E3C2F6F6D6764633A426F756E64733E0A2020202020203C2F62706D6E64693A42504D4E53686170653E0A2020202020203C62706D6E64693A42504D4E53686170652062706D6E456C656D656E743D227369642D36414135423941392D313936322D344435392D413441392D464331343746393543413538222069643D2242504D4E53686170655F7369642D36414135423941392D313936322D344435392D413441392D464331343746393543413538223E0A20202020202020203C6F6D6764633A426F756E6473206865696768743D2238302E30222077696474683D223130302E302220783D223237332E313939393732383032343031332220793D223130302E3939393939363339333931393038223E3C2F6F6D6764633A426F756E64733E0A2020202020203C2F62706D6E64693A42504D4E53686170653E0A2020202020203C62706D6E64693A42504D4E53686170652062706D6E456C656D656E743D227369642D38424137303939392D433941432D344430322D414630452D443741413746304236374237222069643D2242504D4E53686170655F7369642D38424137303939392D433941432D344430322D414630452D443741413746304236374237223E0A20202020202020203C6F6D6764633A426F756E6473206865696768743D2238302E30222077696474683D223130302E302220783D223532342E393939393932313736383930352220793D223130342E39393939393834333533373831223E3C2F6F6D6764633A426F756E64733E0A2020202020203C2F62706D6E64693A42504D4E53686170653E0A2020202020203C62706D6E64693A42504D4E53686170652062706D6E456C656D656E743D227369642D41394235424332342D363534352D344437422D424345392D304330434436413733353341222069643D2242504D4E53686170655F7369642D41394235424332342D363534352D344437422D424345392D304330434436413733353341223E0A20202020202020203C6F6D6764633A426F756E6473206865696768743D2232382E30222077696474683D2232382E302220783D223734392E393939393838383234313239322220793D223132362E3939393939363030363438383839223E3C2F6F6D6764633A426F756E64733E0A2020202020203C2F62706D6E64693A42504D4E53686170653E0A2020202020203C62706D6E64693A42504D4E456467652062706D6E456C656D656E743D227369642D38464541414436412D364146342D344633442D423835302D434243424333313330373239222069643D2242504D4E456467655F7369642D38464541414436412D364146342D344633442D423835302D434243424333313330373239223E0A20202020202020203C6F6D6764693A776179706F696E7420783D223337332E313939393732383032343031332220793D223134312E3739343237373931333731333136223E3C2F6F6D6764693A776179706F696E743E0A20202020202020203C6F6D6764693A776179706F696E7420783D223532342E393939393932313736383930352220793D223134342E323035373136393135353834223E3C2F6F6D6764693A776179706F696E743E0A2020202020203C2F62706D6E64693A42504D4E456467653E0A2020202020203C62706D6E64693A42504D4E456467652062706D6E456C656D656E743D227369642D39334634444237372D394241382D343144422D424439302D383033383737433130454132222069643D2242504D4E456467655F7369642D39334634444237372D394241382D343144422D424439302D383033383737433130454132223E0A20202020202020203C6F6D6764693A776179706F696E7420783D223137362E31393939373932383733383632342220793D223134302E3939393939373735393538323834223E3C2F6F6D6764693A776179706F696E743E0A20202020202020203C6F6D6764693A776179706F696E7420783D223237332E313939393732383032343031332220793D223134302E39393939393638353834333036223E3C2F6F6D6764693A776179706F696E743E0A2020202020203C2F62706D6E64693A42504D4E456467653E0A2020202020203C62706D6E64693A42504D4E456467652062706D6E456C656D656E743D227369642D34454236334643352D444438412D344644442D393341432D363435394346464634463845222069643D2242504D4E456467655F7369642D34454236334643352D444438412D344644442D393341432D363435394346464634463845223E0A20202020202020203C6F6D6764693A776179706F696E7420783D223632342E393939393932313736383930352220793D223134332E39343137393637313538343138223E3C2F6F6D6764693A776179706F696E743E0A20202020202020203C6F6D6764693A776179706F696E7420783D223735302E303033313233313835363831352220793D223134312E3239363232363135323232333334223E3C2F6F6D6764693A776179706F696E743E0A2020202020203C2F62706D6E64693A42504D4E456467653E0A202020203C2F62706D6E64693A42504D4E506C616E653E0A20203C2F62706D6E64693A42504D4E4469616772616D3E0A3C2F646566696E6974696F6E733E, 0);
INSERT INTO `act_ge_bytearray` VALUES ('e82d8b69-f460-11ed-8e89-28cdc4143a0f', 1, 'process/jiaban04.png', 'e82d8b68-f460-11ed-8e89-28cdc4143a0f', 0x89504E470D0A1A0A0000000D49484452000003C3000000F30806000000A2E7C406000000206348524D00007A26000080840000FA00000080E8000075300000EA6000003A98000017709CBA513C0000000467414D410000B18E7CFB5193000000017352474200AECE1CE900000006624B474400FF00FF00FFA0BDA793000000097048597300000EC400000EC401952B0E1B000020004944415478DAEDDD0B949565BD3FF077980106416E225222A9C951CA04EF1D333553A98E275DA53104C793ABB2FCF7EFE2B2E5A5F484E9CA53E794E6B1938596211CF0EFA52C2D513B9198118A82E2FD02820CC37DB80F3297FFF3DBCE9E3603C34566863DC3E7B3D6EB7EF79E776FC667F6FBEEE7BB9F5B9601000000000000000000000000000000000000000000000000000000000000000000000000000000000000000000000000000000000000000000000000000000000000000000000000000000000000000000000000000000000000000000000000000000000000000000000000000000000000000000000000000000000000000000000000000000000000000000000000000000000000000000000000000000000000000000000000000000000000000000000000000000000000000000000000000000000000000000000000000000000000000000000000000000000000000000000000000000000000000000000000000000000000000000000000000000000000000000000000000000000000000000000000000000000000000000000000000000000000000000000000000000000000000000000000000000000000000000000000000000000000000000000000000000000000000000000000000000000000000000000000000000000000000000000000000000000000000000000000000000000000006C4389220000605B1A1A1ACAE7CD9BF77FD7AD5B3776C3860D87AF5FBFBEBCBEBE5EC1EC6E05BCA4A4A17BF7EE2BBA75EB3673F3E6CDFF79F2C927FF49A980300C0040114821F8CBCB972FFF614D4DCD3E83060DCAFAF4E993EDBBEFBE59972E5D14CE6E8A2F14D6AD5B97AD59B326ABAAAA7AABAEAEEE858D1B378E1D3972E45CA503C23000007BC882050B7EF3FAEBAF9F3364C890ECDDEF7E77B4642A943654595999CD9F3F7F634343C3E8D34F3FFD3E2502EDA354110000501884D376CEB061C3B2FDF7DF5F106E07D1E2DEBF7FFFAE4B972EFDA7B163C73E3B61C28497950A08C30000B493E81A3D7FFEFC4B2308F7EEDD7BAB9F6F5AB724AB7AFED759D50BF765CBE7FD29DBB06A5ED6BDE7C0ACAC7B6F85B79BBA75EB1681B87B5555D527C68C19F3C0C48913972A15685B067D0000909B2C2BC60847D7E89682F0C2A77E91AD5BFE52565FF756D6505F9B6D58F95AB660D66D59CD9A450AB015F4ECD9333BF8E083EB4B4B4B6F521A200C0300D00E62D6E8982C2BC6086FCBCA37A667B56FADDFEAF108C6CBE74D5380AD64F0E0C1FDCBCACA863EFCF0C31F541A200C0300D0C662F9A49835BAA531C21BB7D3FA1BADC6B49E81030756A59B4F2B09685B658A00808EE2A5975EFAC2C68D1B3F9FB623376CD8D0CB7AA7BB2F824F8F1E3D5677EFDEFDA98686861B8F3FFEF8DF2A95BD53AC231C61B8250D759B5B7E728373B1350D1830E0C0458B169DA62440180640083E77D5AA55BF58BA7469BFA8AC47374EEB9DB68EC6F54EFBAC59B3E6234B962C3975FAF4E9AF6DDEBCF9FCD34F3F7D8ED2D9BBAC5FBFBE3CCE2BF6BCF4777857BAD95F4940DB528B00A0D883F0F58B172FBE77E0C081FD8E3FFEF82C26F7E9D3A78F20DC5A1581548E3159D2E0C183B3638F3DB64BBA1D9A1E7BE2F1C71FFFACD2D9BBC41723CEABE2392F338D56200C03B0F77AEDB5D77EB86CD9B2CBDFFFFEF7971C78E081D63B6D07D1EA7ED4514775ADADADFDE5A38F3E7A9E1221AF6B8F7E2DFEACACBB16654018068056F1C20B2FFCF3C2850B2F39FCF0C34BB6B5CCCBE69AEA6CF1F3F766AF3E7A7DF6E2235765F3FFF6936C4DD5330AAE15C4F22E471E7964B714886F9F3A75EA914A84D07FC8495959B79E5B3D5EDAB547D6FF3D272B2040180680D6B07AF5EAF143860CD96610AE7B6B5DF6C6133FCF56573ED5B4D44BCDDAC559E5DCFF97552F7A52E1B552203EE490437A74EBD6ED56A541E8B5FFB0ACE780C3B7F9F8BE03DFAF800061180076D7CC99333FBA79F3E6812DAE77BA704656BB69CD367FB6FCB587B30633DBB68A54FE5D4A4B4BFFC17AA7E4D56DDEB8D563B59BD62A1840180680D69002D86583060D2A69698C70CD76D63B8D96E26839A675BCEB5D31A9ADF54EF7766FAD5F962D98755BB66ED90B5BFD6CFD8A57B2054F8ECF1D03200C03C06EA8A9A9191E3346B7A4A1BE76BBCFD732DC7AFAF6EDDBAF4B972E2395C4DE2B86232C98756BB661D5BC168FD950FD46367FE64FB3550B1E77FE011D8629DB01283A1B376EDCDF7AA7C5A157AF5EB1E4CEFB94C4DE275A7A97BCFCFB5CCBEFCEA8AF7B2B77FCDA652F6403FFE11359796EA95C80E2A5651880A2D3D0D0D0C57AA745525178FBEF50AA24F63ED1D2BBB341B850B420BFF1C4CF1420200C03406BDBDE7AA7A1AC5B2F8504BB295A7ADFA91D0D65002806BA4903D0E1F43DF0F86CFD8A57B79A51BAA4A44BD66FC8495949171F6FB0BB8E38E33A8500746A5A8601E8707AF4392805E2E3B67ABCAC7BEF6CE0D08F292000401806A0738A25949A6BA8DFBC5B5D3B01006118008A36042F7EFEDE6CF5A227B6F9B3797FBD295BB7FC250505006C974155007418314B6DE5DCBBB61A2B5C68734D75F6E6EC3BB27E834FC806BCF7CCACB46B0F05070008C3D019353434943DF5D453154F3FFDF467972C59727C5555559FB56BD776ADA9A9C9CACACA1A7AF7EE5D3B60C08025FDFBF77F72D0A041DFABA8A87842A9D191D46DDE982D9FF7A7AC7AE18CF47EAFDFA9E7AC7A7366B66EF9CBD90187FF53D66BFF610A11001086A13385E0499326FDE89A6BAEF97C7575F53EC3860DCB3EFAD18F66071D745096826F565E5E9EA5405C12C178E1C28583E7CE9D3B78C68C19E75E76D9654BD3D3AFFFC10F7E70A352A42358FCDCDDEFA8EB73AE9578CEA4ECE0132ECECA7B1FA820010061183ABA5FFFFAD71FBDF6DA6BEF4B41B767454545367CF8F0ACB4B474ABE32210C7B6FFFEFB67C71C734C76C105176473E6CC1978E79D77FEE86B5FFBDA25EBD6AD3BEB17BFF885019614B5DD9D14CBA45A0080300C9DC0A44993263EF8E0839F3DFBECB34B3EFEF18F6F33046F4F04E7B4954C9D3A75C83DF7DCF3EC658956628AD990633FAF10008056653669E860EEBBEFBE3B66CC9831E6D24B2F2D496178978370A191234766DFFEF6B7BBAE5FBFFE3F2EBFFCF26F295D00008461A0E88C1F3FFEE6871F7E78CCD5575F9D0D1D3AB4555EF33DEF794FF69DEF7CA76CEDDAB5E32EBAE8A22F28650000F606BA4943071163841F7CF0C1FF132DC231FEB735C5EB5D76D9655DBFFBDDEFFE78F4E8D18F4D9E3CF945250E00D0798C193366706D6DEDB9252525A7A6BB23D236286DBDD25693B6AA868686D9E9677F292D2D9D3269D2A4378561A068CC9A35EBAE1823DC5A2DC2CD450BF1673EF3997DEEBAEBAE3BD3DDE14A1C00A0E31B3D7AF4B9E9E62BF5F5F5A7A4B0DB6D1B8794A7EDE0F4B383D3EDB9757575FF515151312DDDBF6DF2E4C9133B73D9E8260D1DC0CD37DF7CD5A64D9BFAC518DFB614AFDFBB77EFF7A68BE658A50E00D071A5407B70AAD33DD8D0D0F0EBB49D91B66EBBF0F4D3D2F177A4D7987EFEF9E71FD659CB48CB30740055555597C4F2495DBB766DF37FEBC20B2FEC79D34D375D9E76272A7900808E67D4A851155DBA74F9EFFAFAFA7EF9C762D2D5238F3C323BF1C413B3C30E3B2CEBDBB76FB6EFBEFB661B366CC8AAABABB3F9F3E7673367CECC9E7AEAA96CF3E6CDF9A79D9C9EF7740AD51777C656622DC350E47EF5AB5F1D9D2E50FD6239A4F6F0810F7C202B2B2B1B12DF262A7D00DA43AA64670B162CD8E9E31F7FFCF1ECA1871EDAE2B154E96FF1F85B6FBD357BEBADEDAF371EC7BCF0C20BB9FD3973E6343DBE2BBF171449103E3B05E189F9201C21385620B9E1861BB22BAEB822FBC8473E921D74D041B9201CF6D9679FECDDEF7E7776D2492765DFF8C637B29B6EBA296BB66249AF68254E81B8D34DB42A0C43915BBA74E957468C1851B23B4B28EDAAE38F3FBE36DD9CA7F4013A8E8A8A8AABD276DEF9E79FDFABA3FDEE93264DCADE7CB3E5F97A7EFFFBDF670F3EF860D31641380271FEFE2DB7DC929D77DE794D81B7F96BF5ECD9337BF2C927B778ACF931CF3EFB6C2E20844B2EB9A4E9B52EB8E082ED066D28B2201C2DC2BF49E13557718C907BFDF5D7C7E459D9CE4EC01A2DC6717C3C2F7F4E84F49AE33BDB503ADDA4A1C8AD59B3E6D40F7FF8C3EDFA6FA6F0DDFFCF7FFEF39969F73FFD05003A8C6BE33FA5A5A5B52914CF4EBB0FA46D5A7979F98CDB6FBFBDA6987FF1975F7E39D74DB3259FF8C42772E1F5F5D75FCF52453F4BFF4FB9C77BF5EA95D5D5D565C3860DCBBEFCE52F371D3F65CA94EC7DEF7B5FEED8B074E9D2AC4F9F3EB9E01CD2675CB6DF7EFB65DFFCE637B3DADADAACA6A62677FBDA6BAF652B56ACC80E3CF0C0AC5BB7B787574618C8BF0E14B3E8D5D7D8353A17840F3FFCF0ECD24B2F6D6A01DE55F1DE1F376E5C76E38D37E6BE2C6A0CC43F4D81F8C9CEB2F288300C456ED9B26507C44CCFED292E7EA9727194D207E8B0F5BBE31AB7EFA4A0B72E555E67A44AECD454517EA4B2B272EEB469D36A8BE9178E20BA6AD5AAED1E936FD93DE38C33B2458B16E5F6478C18913DFAE8A3B9A07CEAA9A76E15A0F3E2E7F1D9164381F221E190430EC9ED47105EB26449AEF5B75FBF7EB9C77FF9CB5FE67E9FC2B93A3EF5A94F65B7DD765BEE182846E9FCBE35DF353A5A84772708E74517EAE83A1DA178E1C285F15074991E9F6E3FDC19CA4C188622B761C3867DA2BB4A7B5AB76E5D84E1FD2B2A2AC6A5BB55D9DBEBCF65252525D5E90258DDB89FEA2EB555D10211F7CBCBCBAB8ABDE581F695DE3FDF4C37774F993265BED2803D2A2AAF67448E8CC03768D0A0AA148EA745384ED7F047F6F47AA2D11DF9B8E38E8B9E503B3CF6F9E79FCFB50AE7C7F6466BEF33CF3C931D75D496DFDF468BEFF7BEF7BDEC98638EC9DD8FE3070C18900BD1314950FC5B975D76D9DB85D3AB576E8B96E0FEFDFBE78E89203C7DFAF42CFF6574BCD6B7BEF5AD760BC2CB972FCF4D62D4F839CCD66EF7D9B2A5583E299DDF1F8DFD185A1701767783706120FEEA57BF9A5D79E595B99E18C9C9D15DBA334CA8250C43914B9584D27C77B0F6326BD6ACDCB5346DDF297C3C559CB6D82F1CC71CDFACC78CD78D3FAB8EE05CF8B91E193B9FB51BEFE74525ACAEF179CBD3F3D635EED7A4FDAAE6FBE9225C73D75D775579677408FF115B7A5FDC9F6E7F982A2ED31409EC7171211F94AEAB71C1AE888A6D3A4737A5FD972A2B2BF7C82FF4BFFFFBBFB92ECDD13A1CDD99070E1CB8CDE3E2B3305A829B8B16DF68D96D2EBA3C47800D8B172FCEB52847E87DECB1C7B237DE78638B63E3DF8DE3FFE77FFE271B3B766C2EF47EF2939F6C7AEECF7EF6B35C20682F11C49F7EFAE9ACF9E7305BE8545F14C498FF54D7999BDE6FF7BFC39E1B5FC9EF7CFCE31FDF62AC6F6B88D78B49B5EEBBEFBE7C5DEF4B5927587944188622D7B56BD7DA1434CBDA33101F7BECB1D93DF7DC1301F5BAB41D90BDBD187B5CF8FAA60B75DF82EBC7A082EBC8A0FC718DC71436671FBC33FF6E7ADE0EF72380E74377A3A696EB66FB358DF7F3FB4B9A07EBC6D7AE8AC79AEF0BDDADEAECD8D2DF6D6E2AE31FA70AEF9454B6EB140B64D9F9E79F3F285DD7F2D7D841E91CD96A3F1990B6FCA4583D1BEF6F71DD2D786C8797DA6D3CD63D6D4745F86A767D6D177FFCE31FA3552B5AAC731361FDDBBFFDDB368FFBD8C73ED6B49F9FDC2A1E8B301D81F5CE3BEF8CC9839A8E89709D1F233C77EEDC5CC08DCFD2D87FD7BBDED5745C84E308BBF1F3CF7EF6B35B85DE38B63D837088B94222B0A7BFC935CE922D74E62F07AE8D8686030E3860637A1F3FD4A54B975BD27BF8B19DF9BC1C3366CCE0FAFAFA8FE4EB491186DB429C6F31995DE3B24B27C718E58EDE422F0C43914B1FC0EBABABABFB4425A1BDC437E7A912B664F2E4C9E3DEC9F33FF7B9CFF54D01BE300C3755E4D285BE577AEDC24ADBE0826BD17EF9E3A2121895C1C6C7CB1B2B7DCDF7B366FB3B0CDD85C1BAF1F7D9E67EB3D0DD3C586F2F4C6F6A1EBA5BDACFFDCFEC5DDDCB8F8C7146E903FE3F53D9C678A39FE8E646B14AD7B1F2741D1BD4FC7AD4ECDAD43CB41E50104E0B83EAF6AE61DBBC3E35BF56B583578E3EFAE8A1EDFD8F4677E479F3E63575678EC9AB5E79E5956CE8D0BFFF2AB1B4D1ECD9B39B26B40AD18538C463F1B3789D0F7DE84331CF46D38CB96565654D01BAB06538B6C296E1934F3E39B77DFDEB5FDFEEEF5AF8DA6D2DBA7447995C7EF9E5E39C8D7FD7F8B9DCA95BCBD3B9DF23DD9C93AE2DE7A4BAC8FAF4FFFC87F4D86DDDBB779FD6527D2185E673D331B9EE7AB1146774F76F0B316C2FDE977FFBDBDFF20FC5CA231D7AB25561188A5C0A4B2FA40FED0FB667187EEDB5D7DE4C17E1D9EFF4F9E9621D5DA40BBB49B759E069A955A5A5309D1EEF5E58916D5661DD5EE5B530681FB1A330BD33ADDCB9645DD0BD3C6BB9657B8BD09D15B474377F5EF3B05D8CE13BFD3E7DD24D8C27FE66B174A1AEAAAACA4DB013E3169B55307295EC5DAD0047AB5561C5BD50AC651A4BB5B4F4F3FC3151B18F197263BDD3FC3AE3110A860C19E2C2B883F37F5BFB85E7FECE7CD916E7E68ECEF3560AADDBECDDD2EC9C8FA125EB1BF79B869A141E5330CC64DE2E9C8BB3D2F36E4ED78529715DF8FCE73FDFD0DE7FC3ABAEBA2AFBFEF7BFDF74FFDBDFFE7676CE39E7E4BA62E6BB4BC77B3EB6471E7924772E460B6E7E59A4E85EBD7AF5EADCECCFF96ECD7971FE6CAB6538C2774CA0B523D1753AC617E73DF1C4135B4CCA05ED207A829C97CED3F3D235E9ADF499F9DB74DE4E6ADE953A3DD6347BDC09279CD0A6BF50BC7E41183E551806DA54AA8CFFEED9679F3DE1C4134F6CB7751D66CE9C19537AFEB923944FB3AECC6D12BA5B6A21DA5E057C272BDEDB0AE3D98E42F70E2AB7DBBDDF2C7C6F11B8B356EE66BE93C59BEF42FD427AFE8FF65417EA891327E666908D6FBC63BDD358722596529930614276DA69A765175D7451EEB868B58A701A366CD890BB1F2D54D1252D5AB362B29DB56BD7E666DCBCE28A2B72C745A57DF0E0C17FAFD934AE777AD24927353DD6FC9858C222FF778AF54EA3421FE13942747409ED28CBBC1486D56CCB1E2285E74D536F91B4DFA760284661D7E096BEB4DAE92FA0B617685BD0528F906D7D51B5697B61B63DE73DD85137E7F4BBAC4D37B7C53665CA94B97BF2FD71DD75D765FFF22FFF92BDF7BDEF6D7A2C02F0B5D75E9B7DF0831FCCAEBEFAEA780FE55A7243B4ECC60460F1FE8F601B333D47488E73635BEB00C7245A79852DC3CDC5175EEBD7AF6FFA02245E2B5A9BEFB9E79EECE28B2FCE9DD3F9F334CEF77C2B36B4B36EF9603C68D0A0F5A3478F8E7ADA7F458B717AEF360DA63FF4D043DBF49738F8E0830BEF8EE8E8852A0C4391ABAEAE9E306BD6ACAB2EBCF0C21E851356B5A5A79F7E3ABA2BDFADF4DFD6D8925A18B4DB646DBDC2E0B083AE98CD037553D7CCE6CFDB41F86EDEE27DF0AE86EDED7533DF45C3A20B757ADEF851A346BD1C2DB5ED255A71A3A21C15E768798AB18BD1BD325A61A3AB623E088708C9471C714476FFFDF7679FFEF4A7733375CE983123D715338271B4E6867C6B54E8E8EB9D46D914CC6A5BF85E1B9CFE66653B08AE3B7C1FED66D7E01DB6AAE6C3EACE0C5DE8E473054453CE2D29E8DDBDA7C7ECC739F0F8E38FE78266BCF79B8BD01A4B1B45EB53E3D8C426B1DA4184D46BAEB9267BE08107DE7EC3ED44CFA9789D98257A5B2DC211AC63C2AAF8422B1F96A3B53ADF0A1CEB17C7EF934247AB4F4AC43BF69D3D31BEBD88F44CD7AE78837EA2F14B9CA60FE0B65E81A4D9EB0FE8E805290C43918B252FBEF4A52F3D3F67CE9C63DBE3DBE8993367CE4D17D6D5C672B6BF6D54C2DB7441FBC216EFE681BB95BB99EF92F46FFC43CC68FE99CF7CA6BDBEECC875D58CD6A19FFFFCE7D9D1471F9DABF446AB54548623984638CE8BB51BA3452A8E89901A613A826D2CEFD252D7E78EBCDE6984FD6DCD6ABB93ADAB8561B56956F9665D80E3B1158D8F372DDF5638BB7CE1F19671DB2551AE77C5C47593274F7EB1587EA968FD3DF7DC73B77B4CAC19DC7CDDE0D0BB77EFECC20B2FCCFEF55FFF7597BE184AD7BBED0E4D882ED685DDAC0BCFD9C289BB28AE40AC08FEFED199DF69ADE5945AD26C32B9F28E5E70C23074006BD6ACB96EC2840913870F1FDEB3AD5B876FB9E596B25471BA45A9777EDB68F16ED52F402A2A2A7679FC610A3C3106EAE5112346BCAF3DCA20825E04D97CCBD0CD37DF9C6DDAB429FBC94F7E92DD78E38DB950FA95AF7C253BFDF4D373B3D4C6FD08C7D1CA142DA631F6302AD8F996E1382E14B60C77F4F54EA3BB6AC1ACB64DE13695C59B298CD4360FAEC26A51981113EE74E699DB77B587C4F682301DEBA34BB8CF624CC01627403ADFEBD37538F75874EB6FCB401C43840A74F86BBD300C1DC0E4C9937FF3B9CF7DEEB9071E7860F8273FF9C9EE6DF5EFA4C0FDE8C68D1BBB5455554D51EAB493AAF4213E2D7D884F2D2D2D7D247A42C4835FF8C217DA65229F087AD18D39C6E1C6922A315BECF2E5CBB758DA25965CB9F4D24B7361382AE00F3DF450AE0B738CF18DEE623BD332DC91D73B8D6565CC6ADBA142E2D1E9BD335B49D01935F65AEB94D7A28A8A8A16C370FA8CACCBCF161DA779F4A049F71F89C9B4BA77EFFE604D4DCDB3E9F1C3E287D5D5D56D1A86E3F50B2C17868176912E74A3EEBDF7DED9C3860D2B1B3A7468AB370FA7CAF7FCA953A71E113312BEC3C5DE6167AC4FEFB1BF46F84D95F6472A2B2BE7EEE9F75B7EC996089D116C6382AB584731F663E6D93FFDE94FB9F1C179679F7D762E349F72CA29B9401B1583C296E1A88444A02DD491D73BA5631184A1D388C5B473DFB03606E1E8E5111F2477F6E8D1E391C6953BF2417A763E0CBFFEFAEB6D3AB6BD7086F5F8081586817611DF868E1A35EACBDFFFFEF77F7AFDF5D7F76DCDB50E972C5952356EDCB8AE29A05C5A4CE3CAE814EA1A3F2C6309A5692900CE28A62EB4D1ED39BA28474B6DCC5A9B1FC71B6296DB3BEEB8A3C5F182F1DC98153A9E1BC139DF7D3A66928E605C383B74475EEF14803DA25B63008E094D1F489F9FF7B7F4F999EA6F7F4E8139D6FC8DB95FB639DEBEB5C4EB17F873472F6461183A903BEFBC734A454545F995575EF9A3CB2FBFBC776BB410BFF2CA2BCF7FF7BBDFED932AF137A7D79FA8946945E7A70FEF2DBEBD2E36D1ED39BF545184D998D9797B95887C97E868C18DE7C4CCD31188630CD5CB2FBF9C6BD18D80DB7C364FEB9D02B0331A27119C963E637E15CB26EDCC67685959D96FEAEAEA6E88DD58FE6FE5CA95B979275A5BF4849A356B560C63CA4FD8D5E1571E1186A183993265CAEDA3468DAA19376EDC7F7FEA539FDA7CEEB9E70E7C87936AD5DE76DB6D0FFFF18F7F3C265D78AF4841F876A54B2BBF578BFE43329652F9F77FFFF7DCD22CFFF88FFFD8622B70ACFB1BADC631314984DEF1E3C7374DE0935F2F3866818EA59562A99838BE90F54E01D881AB4B4A4AE6979797DFBDAB3DA862BE8DD1A347C7FC1B67A4509CFDE10F7FC8C68C19D3EABF607CA95B5B5B9B0FC28F758695478461E8801A5B8867DC7BEFBDB7C638DF8B2EBAA8ECB8E38E3B60679FFF97BFFCE5D15499EFBD69D3A67DD385F7B47431D3359ABDD2D0A14373CB2AE59736FAED6F7F9BEBD21C4137C609E75B7323A01E70C001B92561F2C136BA42C7D8E27C77E5182B1C2DB661F5EAD5B9B584870C19B2D5BF69BD53009A4B75B1EB76F3257E92B6336227C270CC6BD19A9F133104E877BFFB5D53AB70AA3FFEAC3394BB300C1DF7A2393F2E7A29149F77C30D377C39D6203DECB0C3169E7AEAA9BD0F3DF4D09EFBEDB7DF01E5E5E5651B376E5C912AE6EB52E57AE1A38F3EBAE9C5175F3CACB6B6369AB47E5C555535D16459ECEDF2413814AE33BA23D1021CE38A7795F54E01686DB1F248AA134E4BBBA745EB702C0F386EDCB85699593A8602FDF8C73FAEABAFAFCF77457C6CF1E2C59D62E51161183A7E288EAEA8778F193366F0F3CF3F7FDE73CF3DF7A174FFB8B4D5369EE33DD3B6316D31E624263AB8BB33746B818ECA7AA700B4910BD3165D9406545656663FFCE10F734B03EE4E208E209C8275C3A2458BF241785D4949C9173B4B638A300C9D44E3FAAC37366E0000EC451A571EF96A0AAB7744CE7BE9A59772ADC3DFF8C637DE5197E9E81A1D2DC2054138BA475FDC99561EE9E26D030000D0F1C5BC32E9E68BD9DB3D04B36821BEF2CA2BA3D124371BF4CE88E352B0CEAEB8E28AC216E198E9FACA14843BD5CA235A860100003A89FCCA2369F7A72525257D630CF1FDF7DF9F9B586BF8F0E1D909279C901D7AE8A1B96500A30B7574858E001C4BF8CD9A352BB6FA4D9B3645A3697EE6E858EFF8AB9D71E51161180000A013C9AF3C92C2F0F85872291E8B501CCBF2C5B60385BD871F8B31C29DA96BB4300C0000D089354E987A66AC3C9202ED9752283E6D17F2DF6369BBADB3AF3C220C03000074DE50DCB4F2487D7DFD792914E7571E1994B6F2B44597EAE5699B9DED652B8F08C30000009D9C9547B666366900000084610000001086010000401806000000611800000084610000001086010000401806000000611800803D5929ECD2A5A1BEBE5E411481F4777823DDD42A09108601006863E5E5E54BD7AE5DAB208AC0AA55ABE6A69BD94A0284610000DA58D7AE5D1F5BBD7AB58228025555556BD2CD342501C23000006DACA6A6E6078B172FDEDCD0D0A030F6ACF92B57AE1C9E6EEF5114200C0300D0C64E39E5949929083F535959A930F6A0B973E73E9CFE0E95679E79E60CA501C2300000EDA0A6A666ECFCF9F337AC59B34661EC01D5D5D5F7AD5CB9F29FEBEBEB2F511A200C0300D04E468E1CF9620A62E73CF7DC73AB05E2F60FC2CF3EFBEC074A4A4ABE98FE0E73950808C30000B4A333CE38E391DADADAF3E6CC99B366C182052B8D216E73F3E7CE9D3BFE99679E3931ED7F3D95FFFD8A04846100F65225252575D63B2D0E8D7F873A25B1F705E2BABABA13E7CF9FFFE45FFFFAD765AFBCF2CAD3AB56ADAA725EB6DA79F5C68A152B1E78EEB9E7264F9F3E7DC3CA952B0F498F9D290843FB2A530400149B6EDDBABDB176EDDA43FBF4E9A330F6B0F477589C6E162989BD4F74998E9B871E7A68C4E2C58B3F9DB6D3D2FDBE692B573ABBEDC0B42D4BDB0B69BBC96459200C03404E5D5DDD6F57AF5EFDB51486F560DAC3962D5BB620DD4C57127BAFB3CE3A6B76BA99AD2480CE46250380A2B379F3E65F555656D618ABB8C7D52E59B264BFCC7AA70008C300D0F6A225AABEBEFEA9458B16D52A8D3DE7D5575F9D5E5757375F174E0084610068276FBDF5D617AD77BAE7AC5DBBF6D5CACACAF759EF1480CEAA541100508C264E9CB8FC820B2E7872C58A151FEBD3A74F79F7EEDD7D81DB7E41F8B93973E6C42449179F75D6598F291100846100684713264C787DECD8584B16A60000014C49444154B1B3972C59724E434343650AC5FD4A4A4A144CDB59F7D24B2FFDFED5575F3D3C82B0655E00E8CCD42800287A53A74E3DA24B972E379496968ED86FBFFD5EDD3FE9D7AFDF7BD3635645D84D0D0D0DABABABABE72E5EBC78C5CA952B0FAFAFAF5F185DA3478E1C3957E900200C03401188F54E4B4A4A3E9D764F4BDB7199F54E5B434C5216CBE64C4BDB3D26CB02000000000000000000000000000000000000000000000000000000000000000000000000000000000000000000000000000000000000000000000000000000000000000000000000000000000000000000000000000000000000000000000000000000000000000000000000000000000000000000000000000000000000000000000000000000000000000000000000000000000000000000000000000000000000000000000000000000000000000000000000000000A043F9FF05D15B87FA6CE9C30000000049454E44AE426082, 0);
INSERT INTO `act_ge_bytearray` VALUES ('e82e009a-f460-11ed-8e89-28cdc4143a0f', 1, 'process/jiaban04.bpmn20.xml', 'e82d8b68-f460-11ed-8e89-28cdc4143a0f', 0x3C3F786D6C2076657273696F6E3D22312E302220656E636F64696E673D225554462D38223F3E0A3C646566696E6974696F6E7320786D6C6E733D22687474703A2F2F7777772E6F6D672E6F72672F737065632F42504D4E2F32303130303532342F4D4F44454C2220786D6C6E733A7873693D22687474703A2F2F7777772E77332E6F72672F323030312F584D4C536368656D612D696E7374616E63652220786D6C6E733A7873643D22687474703A2F2F7777772E77332E6F72672F323030312F584D4C536368656D612220786D6C6E733A61637469766974693D22687474703A2F2F61637469766974692E6F72672F62706D6E2220786D6C6E733A62706D6E64693D22687474703A2F2F7777772E6F6D672E6F72672F737065632F42504D4E2F32303130303532342F44492220786D6C6E733A6F6D6764633D22687474703A2F2F7777772E6F6D672E6F72672F737065632F44442F32303130303532342F44432220786D6C6E733A6F6D6764693D22687474703A2F2F7777772E6F6D672E6F72672F737065632F44442F32303130303532342F44492220747970654C616E67756167653D22687474703A2F2F7777772E77332E6F72672F323030312F584D4C536368656D61222065787072657373696F6E4C616E67756167653D22687474703A2F2F7777772E77332E6F72672F313939392F585061746822207461726765744E616D6573706163653D22687474703A2F2F7777772E61637469766974692E6F72672F70726F63657373646566223E0A20203C70726F636573732069643D226A696162616E30342220697345786563757461626C653D2274727565223E0A202020203C73746172744576656E742069643D227369642D35433343314644462D343042382D343034432D423533302D304235373334383333433836223E3C2F73746172744576656E743E0A202020203C757365725461736B2069643D227369642D45463444423334352D463742322D343438442D393945392D34314137443436313839413022206E616D653D22E7BB8FE79086E5AEA1E689B9222061637469766974693A63616E64696461746555736572733D22746F6D302E746F6D3032223E3C2F757365725461736B3E0A202020203C757365725461736B2069643D227369642D35344646463442432D463145422D344532432D414332452D45313934383633434337393122206E616D653D22E4BABAE4BA8BE5AEA1E689B9222061637469766974693A63616E64696461746555736572733D22726F736530312C726F73653032223E3C2F757365725461736B3E0A202020203C656E644576656E742069643D227369642D34433541383135452D383837362D343731302D413345312D333543464337344537354132223E3C2F656E644576656E743E0A202020203C73657175656E6365466C6F772069643D227369642D43353145463231382D433538412D344446382D393545372D4333443137393033323842462220736F757263655265663D227369642D35433343314644462D343042382D343034432D423533302D30423537333438333343383622207461726765745265663D227369642D45463444423334352D463742322D343438442D393945392D343141374434363138394130223E3C2F73657175656E6365466C6F773E0A202020203C73657175656E6365466C6F772069643D227369642D44353639383843322D374336322D343645312D383044362D3346383539433645444644312220736F757263655265663D227369642D45463444423334352D463742322D343438442D393945392D34314137443436313839413022207461726765745265663D227369642D35344646463442432D463145422D344532432D414332452D453139343836334343373931223E3C2F73657175656E6365466C6F773E0A202020203C73657175656E6365466C6F772069643D227369642D30364439413936382D383043302D344239362D383745342D3737414446384431373446452220736F757263655265663D227369642D35344646463442432D463145422D344532432D414332452D45313934383633434337393122207461726765745265663D227369642D34433541383135452D383837362D343731302D413345312D333543464337344537354132223E3C2F73657175656E6365466C6F773E0A20203C2F70726F636573733E0A20203C62706D6E64693A42504D4E4469616772616D2069643D2242504D4E4469616772616D5F6A696162616E3034223E0A202020203C62706D6E64693A42504D4E506C616E652062706D6E456C656D656E743D226A696162616E3034222069643D2242504D4E506C616E655F6A696162616E3034223E0A2020202020203C62706D6E64693A42504D4E53686170652062706D6E456C656D656E743D227369642D35433343314644462D343042382D343034432D423533302D304235373334383333433836222069643D2242504D4E53686170655F7369642D35433343314644462D343042382D343034432D423533302D304235373334383333433836223E0A20202020202020203C6F6D6764633A426F756E6473206865696768743D2233302E30222077696474683D2233302E302220783D223233332E31393939373739393039383532352220793D223132392E3939393939373833393333313636223E3C2F6F6D6764633A426F756E64733E0A2020202020203C2F62706D6E64693A42504D4E53686170653E0A2020202020203C62706D6E64693A42504D4E53686170652062706D6E456C656D656E743D227369642D45463444423334352D463742322D343438442D393945392D343141374434363138394130222069643D2242504D4E53686170655F7369642D45463444423334352D463742322D343438442D393945392D343141374434363138394130223E0A20202020202020203C6F6D6764633A426F756E6473206865696768743D2238302E30222077696474683D223130302E302220783D223432332E31393939373436333832323430332220793D223131322E3939393939373732303132323337223E3C2F6F6D6764633A426F756E64733E0A2020202020203C2F62706D6E64693A42504D4E53686170653E0A2020202020203C62706D6E64693A42504D4E53686170652062706D6E456C656D656E743D227369642D35344646463442432D463145422D344532432D414332452D453139343836334343373931222069643D2242504D4E53686170655F7369642D35344646463442432D463145422D344532432D414332452D453139343836334343373931223E0A20202020202020203C6F6D6764633A426F756E6473206865696768743D2238302E30222077696474683D223130302E302220783D223634342E393939393930333838373531312220793D223130342E39393939393834333533373831223E3C2F6F6D6764633A426F756E64733E0A2020202020203C2F62706D6E64693A42504D4E53686170653E0A2020202020203C62706D6E64693A42504D4E53686170652062706D6E456C656D656E743D227369642D34433541383135452D383837362D343731302D413345312D333543464337344537354132222069643D2242504D4E53686170655F7369642D34433541383135452D383837362D343731302D413345312D333543464337344537354132223E0A20202020202020203C6F6D6764633A426F756E6473206865696768743D2232382E30222077696474683D2232382E302220783D223838342E393939393836383132343732362220793D223133362E3939393939353730383436353636223E3C2F6F6D6764633A426F756E64733E0A2020202020203C2F62706D6E64693A42504D4E53686170653E0A2020202020203C62706D6E64693A42504D4E456467652062706D6E456C656D656E743D227369642D43353145463231382D433538412D344446382D393545372D433344313739303332384246222069643D2242504D4E456467655F7369642D43353145463231382D433538412D344446382D393545372D433344313739303332384246223E0A20202020202020203C6F6D6764693A776179706F696E7420783D223236332E31393035303534383938393235332220793D223134352E3533323939343337323632363135223E3C2F6F6D6764693A776179706F696E743E0A20202020202020203C6F6D6764693A776179706F696E7420783D223432332E31393939373436333832323430332220793D223135312E3232323231393934323334343537223E3C2F6F6D6764693A776179706F696E743E0A2020202020203C2F62706D6E64693A42504D4E456467653E0A2020202020203C62706D6E64693A42504D4E456467652062706D6E456C656D656E743D227369642D30364439413936382D383043302D344239362D383745342D373741444638443137344645222069643D2242504D4E456467655F7369642D30364439413936382D383043302D344239362D383745342D373741444638443137344645223E0A20202020202020203C6F6D6764693A776179706F696E7420783D223734342E393939393930333838373531312220793D223134342E39393939393834333533373831223E3C2F6F6D6764693A776179706F696E743E0A20202020202020203C6F6D6764693A776179706F696E7420783D223831342E393939393838363030363131392220793D223134342E39393939393834333533373831223E3C2F6F6D6764693A776179706F696E743E0A20202020202020203C6F6D6764693A776179706F696E7420783D223831342E393939393838363030363131392220793D223135302E3939393939353730383436353636223E3C2F6F6D6764693A776179706F696E743E0A20202020202020203C6F6D6764693A776179706F696E7420783D223838342E393939393836383132343732362220793D223135302E3939393939353730383436353636223E3C2F6F6D6764693A776179706F696E743E0A2020202020203C2F62706D6E64693A42504D4E456467653E0A2020202020203C62706D6E64693A42504D4E456467652062706D6E456C656D656E743D227369642D44353639383843322D374336322D343645312D383044362D334638353943364544464431222069643D2242504D4E456467655F7369642D44353639383843322D374336322D343645312D383044362D334638353943364544464431223E0A20202020202020203C6F6D6764693A776179706F696E7420783D223532332E3139393937343633383232342220793D223135312E313936353731343939303537223E3C2F6F6D6764693A776179706F696E743E0A20202020202020203C6F6D6764693A776179706F696E7420783D223634342E393939393930333838373531312220793D223134362E3830333432343635363434333437223E3C2F6F6D6764693A776179706F696E743E0A2020202020203C2F62706D6E64693A42504D4E456467653E0A202020203C2F62706D6E64693A42504D4E506C616E653E0A20203C2F62706D6E64693A42504D4E4469616772616D3E0A3C2F646566696E6974696F6E733E, 0);

-- ----------------------------
-- Table structure for act_ge_property
-- ----------------------------
DROP TABLE IF EXISTS `act_ge_property`;
CREATE TABLE `act_ge_property`  (
  `NAME_` varchar(64) CHARACTER SET utf8 COLLATE utf8_bin NOT NULL,
  `VALUE_` varchar(300) CHARACTER SET utf8 COLLATE utf8_bin NULL DEFAULT NULL,
  `REV_` int(11) NULL DEFAULT NULL,
  PRIMARY KEY (`NAME_`) USING BTREE
) ENGINE = InnoDB CHARACTER SET = utf8 COLLATE = utf8_bin ROW_FORMAT = Dynamic;

-- ----------------------------
-- Records of act_ge_property
-- ----------------------------
INSERT INTO `act_ge_property` VALUES ('cfg.execution-related-entities-count', 'false', 1);
INSERT INTO `act_ge_property` VALUES ('next.dbid', '1', 1);
INSERT INTO `act_ge_property` VALUES ('schema.history', 'create(7.1.0-M6)', 1);
INSERT INTO `act_ge_property` VALUES ('schema.version', '7.1.0-M6', 1);

-- ----------------------------
-- Table structure for act_hi_actinst
-- ----------------------------
DROP TABLE IF EXISTS `act_hi_actinst`;
CREATE TABLE `act_hi_actinst`  (
  `ID_` varchar(64) CHARACTER SET utf8 COLLATE utf8_bin NOT NULL,
  `PROC_DEF_ID_` varchar(64) CHARACTER SET utf8 COLLATE utf8_bin NOT NULL,
  `PROC_INST_ID_` varchar(64) CHARACTER SET utf8 COLLATE utf8_bin NOT NULL,
  `EXECUTION_ID_` varchar(64) CHARACTER SET utf8 COLLATE utf8_bin NOT NULL,
  `ACT_ID_` varchar(255) CHARACTER SET utf8 COLLATE utf8_bin NOT NULL,
  `TASK_ID_` varchar(64) CHARACTER SET utf8 COLLATE utf8_bin NULL DEFAULT NULL,
  `CALL_PROC_INST_ID_` varchar(64) CHARACTER SET utf8 COLLATE utf8_bin NULL DEFAULT NULL,
  `ACT_NAME_` varchar(255) CHARACTER SET utf8 COLLATE utf8_bin NULL DEFAULT NULL,
  `ACT_TYPE_` varchar(255) CHARACTER SET utf8 COLLATE utf8_bin NOT NULL,
  `ASSIGNEE_` varchar(255) CHARACTER SET utf8 COLLATE utf8_bin NULL DEFAULT NULL,
  `START_TIME_` datetime(3) NOT NULL,
  `END_TIME_` datetime(3) NULL DEFAULT NULL,
  `DURATION_` bigint(20) NULL DEFAULT NULL,
  `DELETE_REASON_` varchar(4000) CHARACTER SET utf8 COLLATE utf8_bin NULL DEFAULT NULL,
  `TENANT_ID_` varchar(255) CHARACTER SET utf8 COLLATE utf8_bin NULL DEFAULT '',
  PRIMARY KEY (`ID_`) USING BTREE,
  INDEX `ACT_IDX_HI_ACT_INST_START`(`START_TIME_`) USING BTREE,
  INDEX `ACT_IDX_HI_ACT_INST_END`(`END_TIME_`) USING BTREE,
  INDEX `ACT_IDX_HI_ACT_INST_PROCINST`(`PROC_INST_ID_`, `ACT_ID_`) USING BTREE,
  INDEX `ACT_IDX_HI_ACT_INST_EXEC`(`EXECUTION_ID_`, `ACT_ID_`) USING BTREE
) ENGINE = InnoDB CHARACTER SET = utf8 COLLATE = utf8_bin ROW_FORMAT = Dynamic;

-- ----------------------------
-- Records of act_hi_actinst
-- ----------------------------
INSERT INTO `act_hi_actinst` VALUES ('02a6b9a1-f00f-11ed-8fce-28cdc4143a0f', 'qingjia:1:dd7fe88a-eff0-11ed-b9a0-28cdc4143a0f', '02a5811f-f00f-11ed-8fce-28cdc4143a0f', '02a61d60-f00f-11ed-8fce-28cdc4143a0f', 'sid-21434B6D-029C-456B-84F0-45C676855D63', NULL, NULL, NULL, 'startEvent', NULL, '2023-05-11 23:17:57.802', '2023-05-11 23:17:57.810', 8, NULL, '');
INSERT INTO `act_hi_actinst` VALUES ('02a951b2-f00f-11ed-8fce-28cdc4143a0f', 'qingjia:1:dd7fe88a-eff0-11ed-b9a0-28cdc4143a0f', '02a5811f-f00f-11ed-8fce-28cdc4143a0f', '02a61d60-f00f-11ed-8fce-28cdc4143a0f', 'sid-6AA5B9A9-1962-4D59-A4A9-FC147F95CA58', '02b0cbc3-f00f-11ed-8fce-28cdc4143a0f', NULL, '', 'userTask', 'zhangsan', '2023-05-11 23:17:57.818', '2023-05-11 23:42:26.183', 1468365, NULL, '');
INSERT INTO `act_hi_actinst` VALUES ('1c861faa-f51a-11ed-a778-28cdc4143a0f', 'qingjia01:1:e74db415-f519-11ed-a778-28cdc4143a0f', '1c827626-f51a-11ed-a778-28cdc4143a0f', '1c850e39-f51a-11ed-a778-28cdc4143a0f', 'sid-21434B6D-029C-456B-84F0-45C676855D63', NULL, NULL, NULL, 'startEvent', NULL, '2023-05-18 09:20:01.486', '2023-05-18 09:20:01.493', 7, NULL, '');
INSERT INTO `act_hi_actinst` VALUES ('1c8890ab-f51a-11ed-a778-28cdc4143a0f', 'qingjia01:1:e74db415-f519-11ed-a778-28cdc4143a0f', '1c827626-f51a-11ed-a778-28cdc4143a0f', '1c850e39-f51a-11ed-a778-28cdc4143a0f', 'sid-6AA5B9A9-1962-4D59-A4A9-FC147F95CA58', '1c8cd66c-f51a-11ed-a778-28cdc4143a0f', NULL, '', 'userTask', 'zhangsan', '2023-05-18 09:20:01.502', '2023-05-18 13:33:27.322', 15205820, NULL, '');
INSERT INTO `act_hi_actinst` VALUES ('1e3b8e73-effc-11ed-a37c-28cdc4143a0f', 'qingjia:1:dd7fe88a-eff0-11ed-b9a0-28cdc4143a0f', 'c1439b39-eff6-11ed-96ab-28cdc4143a0f', 'c144faca-eff6-11ed-96ab-28cdc4143a0f', 'sid-8BA70999-C9AC-4D02-AF0E-D7AA7F0B67B7', '1e444104-effc-11ed-a37c-28cdc4143a0f', NULL, '', 'userTask', 'lisi', '2023-05-11 21:02:43.637', NULL, NULL, NULL, '');
INSERT INTO `act_hi_actinst` VALUES ('6de22cd4-f012-11ed-b646-28cdc4143a0f', 'qingjia:1:dd7fe88a-eff0-11ed-b9a0-28cdc4143a0f', '02a5811f-f00f-11ed-8fce-28cdc4143a0f', '02a61d60-f00f-11ed-8fce-28cdc4143a0f', 'sid-8BA70999-C9AC-4D02-AF0E-D7AA7F0B67B7', '6deadf65-f012-11ed-b646-28cdc4143a0f', NULL, '', 'userTask', 'lisi', '2023-05-11 23:42:26.197', NULL, NULL, NULL, '');
INSERT INTO `act_hi_actinst` VALUES ('83eb7640-f53d-11ed-a4c5-28cdc4143a0f', 'qingjia01:1:e74db415-f519-11ed-a778-28cdc4143a0f', '1c827626-f51a-11ed-a778-28cdc4143a0f', '1c850e39-f51a-11ed-a778-28cdc4143a0f', 'sid-8BA70999-C9AC-4D02-AF0E-D7AA7F0B67B7', '83f401c1-f53d-11ed-a4c5-28cdc4143a0f', NULL, '', 'userTask', 'lisi', '2023-05-18 13:33:27.341', NULL, NULL, NULL, '');
INSERT INTO `act_hi_actinst` VALUES ('c145e52b-eff6-11ed-96ab-28cdc4143a0f', 'qingjia:1:dd7fe88a-eff0-11ed-b9a0-28cdc4143a0f', 'c1439b39-eff6-11ed-96ab-28cdc4143a0f', 'c144faca-eff6-11ed-96ab-28cdc4143a0f', 'sid-21434B6D-029C-456B-84F0-45C676855D63', NULL, NULL, NULL, 'startEvent', NULL, '2023-05-11 20:24:20.193', '2023-05-11 20:24:20.201', 8, NULL, '');
INSERT INTO `act_hi_actinst` VALUES ('c148f26c-eff6-11ed-96ab-28cdc4143a0f', 'qingjia:1:dd7fe88a-eff0-11ed-b9a0-28cdc4143a0f', 'c1439b39-eff6-11ed-96ab-28cdc4143a0f', 'c144faca-eff6-11ed-96ab-28cdc4143a0f', 'sid-6AA5B9A9-1962-4D59-A4A9-FC147F95CA58', 'c1528f5d-eff6-11ed-96ab-28cdc4143a0f', NULL, '', 'userTask', 'zhangsan', '2023-05-11 20:24:20.213', '2023-05-11 21:02:43.623', 2303410, NULL, '');
INSERT INTO `act_hi_actinst` VALUES ('f239f7cb-f0dc-11ed-b541-28cdc4143a0f', 'jiaban04:1:d38910fc-f0dc-11ed-b1f7-28cdc4143a0f', 'f2384a19-f0dc-11ed-b541-28cdc4143a0f', 'f239347a-f0dc-11ed-b541-28cdc4143a0f', 'sid-5C3C1FDF-40B8-404C-B530-0B5734833C86', NULL, NULL, NULL, 'startEvent', NULL, '2023-05-12 23:52:06.571', '2023-05-12 23:52:06.581', 10, NULL, '');
INSERT INTO `act_hi_actinst` VALUES ('f23d050c-f0dc-11ed-b541-28cdc4143a0f', 'jiaban04:1:d38910fc-f0dc-11ed-b1f7-28cdc4143a0f', 'f2384a19-f0dc-11ed-b541-28cdc4143a0f', 'f239347a-f0dc-11ed-b541-28cdc4143a0f', 'sid-EF4DB345-F7B2-448D-99E9-41A7D46189A0', 'f243469d-f0dc-11ed-b541-28cdc4143a0f', NULL, '', 'userTask', NULL, '2023-05-12 23:52:06.591', NULL, NULL, NULL, '');

-- ----------------------------
-- Table structure for act_hi_attachment
-- ----------------------------
DROP TABLE IF EXISTS `act_hi_attachment`;
CREATE TABLE `act_hi_attachment`  (
  `ID_` varchar(64) CHARACTER SET utf8 COLLATE utf8_bin NOT NULL,
  `REV_` int(11) NULL DEFAULT NULL,
  `USER_ID_` varchar(255) CHARACTER SET utf8 COLLATE utf8_bin NULL DEFAULT NULL,
  `NAME_` varchar(255) CHARACTER SET utf8 COLLATE utf8_bin NULL DEFAULT NULL,
  `DESCRIPTION_` varchar(4000) CHARACTER SET utf8 COLLATE utf8_bin NULL DEFAULT NULL,
  `TYPE_` varchar(255) CHARACTER SET utf8 COLLATE utf8_bin NULL DEFAULT NULL,
  `TASK_ID_` varchar(64) CHARACTER SET utf8 COLLATE utf8_bin NULL DEFAULT NULL,
  `PROC_INST_ID_` varchar(64) CHARACTER SET utf8 COLLATE utf8_bin NULL DEFAULT NULL,
  `URL_` varchar(4000) CHARACTER SET utf8 COLLATE utf8_bin NULL DEFAULT NULL,
  `CONTENT_ID_` varchar(64) CHARACTER SET utf8 COLLATE utf8_bin NULL DEFAULT NULL,
  `TIME_` datetime(3) NULL DEFAULT NULL,
  PRIMARY KEY (`ID_`) USING BTREE
) ENGINE = InnoDB CHARACTER SET = utf8 COLLATE = utf8_bin ROW_FORMAT = Dynamic;

-- ----------------------------
-- Records of act_hi_attachment
-- ----------------------------

-- ----------------------------
-- Table structure for act_hi_comment
-- ----------------------------
DROP TABLE IF EXISTS `act_hi_comment`;
CREATE TABLE `act_hi_comment`  (
  `ID_` varchar(64) CHARACTER SET utf8 COLLATE utf8_bin NOT NULL,
  `TYPE_` varchar(255) CHARACTER SET utf8 COLLATE utf8_bin NULL DEFAULT NULL,
  `TIME_` datetime(3) NOT NULL,
  `USER_ID_` varchar(255) CHARACTER SET utf8 COLLATE utf8_bin NULL DEFAULT NULL,
  `TASK_ID_` varchar(64) CHARACTER SET utf8 COLLATE utf8_bin NULL DEFAULT NULL,
  `PROC_INST_ID_` varchar(64) CHARACTER SET utf8 COLLATE utf8_bin NULL DEFAULT NULL,
  `ACTION_` varchar(255) CHARACTER SET utf8 COLLATE utf8_bin NULL DEFAULT NULL,
  `MESSAGE_` varchar(4000) CHARACTER SET utf8 COLLATE utf8_bin NULL DEFAULT NULL,
  `FULL_MSG_` longblob NULL,
  PRIMARY KEY (`ID_`) USING BTREE
) ENGINE = InnoDB CHARACTER SET = utf8 COLLATE = utf8_bin ROW_FORMAT = Dynamic;

-- ----------------------------
-- Records of act_hi_comment
-- ----------------------------

-- ----------------------------
-- Table structure for act_hi_detail
-- ----------------------------
DROP TABLE IF EXISTS `act_hi_detail`;
CREATE TABLE `act_hi_detail`  (
  `ID_` varchar(64) CHARACTER SET utf8 COLLATE utf8_bin NOT NULL,
  `TYPE_` varchar(255) CHARACTER SET utf8 COLLATE utf8_bin NOT NULL,
  `PROC_INST_ID_` varchar(64) CHARACTER SET utf8 COLLATE utf8_bin NULL DEFAULT NULL,
  `EXECUTION_ID_` varchar(64) CHARACTER SET utf8 COLLATE utf8_bin NULL DEFAULT NULL,
  `TASK_ID_` varchar(64) CHARACTER SET utf8 COLLATE utf8_bin NULL DEFAULT NULL,
  `ACT_INST_ID_` varchar(64) CHARACTER SET utf8 COLLATE utf8_bin NULL DEFAULT NULL,
  `NAME_` varchar(255) CHARACTER SET utf8 COLLATE utf8_bin NOT NULL,
  `VAR_TYPE_` varchar(255) CHARACTER SET utf8 COLLATE utf8_bin NULL DEFAULT NULL,
  `REV_` int(11) NULL DEFAULT NULL,
  `TIME_` datetime(3) NOT NULL,
  `BYTEARRAY_ID_` varchar(64) CHARACTER SET utf8 COLLATE utf8_bin NULL DEFAULT NULL,
  `DOUBLE_` double NULL DEFAULT NULL,
  `LONG_` bigint(20) NULL DEFAULT NULL,
  `TEXT_` varchar(4000) CHARACTER SET utf8 COLLATE utf8_bin NULL DEFAULT NULL,
  `TEXT2_` varchar(4000) CHARACTER SET utf8 COLLATE utf8_bin NULL DEFAULT NULL,
  PRIMARY KEY (`ID_`) USING BTREE,
  INDEX `ACT_IDX_HI_DETAIL_PROC_INST`(`PROC_INST_ID_`) USING BTREE,
  INDEX `ACT_IDX_HI_DETAIL_ACT_INST`(`ACT_INST_ID_`) USING BTREE,
  INDEX `ACT_IDX_HI_DETAIL_TIME`(`TIME_`) USING BTREE,
  INDEX `ACT_IDX_HI_DETAIL_NAME`(`NAME_`) USING BTREE,
  INDEX `ACT_IDX_HI_DETAIL_TASK_ID`(`TASK_ID_`) USING BTREE
) ENGINE = InnoDB CHARACTER SET = utf8 COLLATE = utf8_bin ROW_FORMAT = Dynamic;

-- ----------------------------
-- Records of act_hi_detail
-- ----------------------------
INSERT INTO `act_hi_detail` VALUES ('1c844ae8-f51a-11ed-a778-28cdc4143a0f', 'VariableUpdate', '1c827626-f51a-11ed-a778-28cdc4143a0f', '1c827626-f51a-11ed-a778-28cdc4143a0f', NULL, NULL, 'data', 'json', 0, '2023-05-18 09:20:01.474', NULL, NULL, NULL, '{\"Fs8l5yxwf8sgb\":\"2023-05-20\",\"Fs9n5yxwf8k7u\":\"2023-05-19\",\"Ful05yxwf8ac7\":\"test\",\"Fwdm1npf08iej2\":\"test\"}', 'java.util.HashMap');
INSERT INTO `act_hi_detail` VALUES ('1c8ef94e-f51a-11ed-a778-28cdc4143a0f', 'VariableUpdate', '1c827626-f51a-11ed-a778-28cdc4143a0f', '1c850e39-f51a-11ed-a778-28cdc4143a0f', '1c8cd66c-f51a-11ed-a778-28cdc4143a0f', NULL, 'data', 'json', 0, '2023-05-18 09:20:01.544', NULL, NULL, NULL, '{\"Fs8l5yxwf8sgb\":\"2023-05-20\",\"Fs9n5yxwf8k7u\":\"2023-05-19\",\"Ful05yxwf8ac7\":\"test\",\"Fwdm1npf08iej2\":\"test\"}', 'java.util.LinkedHashMap');
INSERT INTO `act_hi_detail` VALUES ('83e3d51f-f53d-11ed-a4c5-28cdc4143a0f', 'VariableUpdate', '1c827626-f51a-11ed-a778-28cdc4143a0f', '1c827626-f51a-11ed-a778-28cdc4143a0f', NULL, NULL, 'data', 'json', 1, '2023-05-18 13:33:27.291', NULL, NULL, NULL, '{\"Fs8l5yxwf8sgb\":\"2023-05-20\",\"Fs9n5yxwf8k7u\":\"2023-05-19\",\"Ful05yxwf8ac7\":\"test\",\"Fwdm1npf08iej2\":\"test\"}', 'java.util.LinkedHashMap');
INSERT INTO `act_hi_detail` VALUES ('83f58863-f53d-11ed-a4c5-28cdc4143a0f', 'VariableUpdate', '1c827626-f51a-11ed-a778-28cdc4143a0f', '1c850e39-f51a-11ed-a778-28cdc4143a0f', '83f401c1-f53d-11ed-a4c5-28cdc4143a0f', NULL, 'data', 'json', 0, '2023-05-18 13:33:27.407', NULL, NULL, NULL, '{\"Fs8l5yxwf8sgb\":\"2023-05-20\",\"Fs9n5yxwf8k7u\":\"2023-05-19\",\"Ful05yxwf8ac7\":\"test\",\"Fwdm1npf08iej2\":\"test\"}', 'java.util.LinkedHashMap');

-- ----------------------------
-- Table structure for act_hi_identitylink
-- ----------------------------
DROP TABLE IF EXISTS `act_hi_identitylink`;
CREATE TABLE `act_hi_identitylink`  (
  `ID_` varchar(64) CHARACTER SET utf8 COLLATE utf8_bin NOT NULL,
  `GROUP_ID_` varchar(255) CHARACTER SET utf8 COLLATE utf8_bin NULL DEFAULT NULL,
  `TYPE_` varchar(255) CHARACTER SET utf8 COLLATE utf8_bin NULL DEFAULT NULL,
  `USER_ID_` varchar(255) CHARACTER SET utf8 COLLATE utf8_bin NULL DEFAULT NULL,
  `TASK_ID_` varchar(64) CHARACTER SET utf8 COLLATE utf8_bin NULL DEFAULT NULL,
  `PROC_INST_ID_` varchar(64) CHARACTER SET utf8 COLLATE utf8_bin NULL DEFAULT NULL,
  PRIMARY KEY (`ID_`) USING BTREE,
  INDEX `ACT_IDX_HI_IDENT_LNK_USER`(`USER_ID_`) USING BTREE,
  INDEX `ACT_IDX_HI_IDENT_LNK_TASK`(`TASK_ID_`) USING BTREE,
  INDEX `ACT_IDX_HI_IDENT_LNK_PROCINST`(`PROC_INST_ID_`) USING BTREE
) ENGINE = InnoDB CHARACTER SET = utf8 COLLATE = utf8_bin ROW_FORMAT = Dynamic;

-- ----------------------------
-- Records of act_hi_identitylink
-- ----------------------------
INSERT INTO `act_hi_identitylink` VALUES ('02b25264-f00f-11ed-8fce-28cdc4143a0f', NULL, 'participant', 'zhangsan', NULL, '02a5811f-f00f-11ed-8fce-28cdc4143a0f');
INSERT INTO `act_hi_identitylink` VALUES ('1c8f205f-f51a-11ed-a778-28cdc4143a0f', NULL, 'participant', 'zhangsan', NULL, '1c827626-f51a-11ed-a778-28cdc4143a0f');
INSERT INTO `act_hi_identitylink` VALUES ('1e4615c5-effc-11ed-a37c-28cdc4143a0f', NULL, 'participant', 'lisi', NULL, 'c1439b39-eff6-11ed-96ab-28cdc4143a0f');
INSERT INTO `act_hi_identitylink` VALUES ('6dec6606-f012-11ed-b646-28cdc4143a0f', NULL, 'participant', 'lisi', NULL, '02a5811f-f00f-11ed-8fce-28cdc4143a0f');
INSERT INTO `act_hi_identitylink` VALUES ('83f672c4-f53d-11ed-a4c5-28cdc4143a0f', NULL, 'participant', 'lisi', NULL, '1c827626-f51a-11ed-a778-28cdc4143a0f');
INSERT INTO `act_hi_identitylink` VALUES ('c154b23e-eff6-11ed-96ab-28cdc4143a0f', NULL, 'participant', 'zhangsan', NULL, 'c1439b39-eff6-11ed-96ab-28cdc4143a0f');
INSERT INTO `act_hi_identitylink` VALUES ('f244a62e-f0dc-11ed-b541-28cdc4143a0f', NULL, 'candidate', 'tom0.tom02', 'f243469d-f0dc-11ed-b541-28cdc4143a0f', NULL);
INSERT INTO `act_hi_identitylink` VALUES ('f2451b5f-f0dc-11ed-b541-28cdc4143a0f', NULL, 'participant', 'tom0.tom02', NULL, 'f2384a19-f0dc-11ed-b541-28cdc4143a0f');

-- ----------------------------
-- Table structure for act_hi_procinst
-- ----------------------------
DROP TABLE IF EXISTS `act_hi_procinst`;
CREATE TABLE `act_hi_procinst`  (
  `ID_` varchar(64) CHARACTER SET utf8 COLLATE utf8_bin NOT NULL,
  `PROC_INST_ID_` varchar(64) CHARACTER SET utf8 COLLATE utf8_bin NOT NULL,
  `BUSINESS_KEY_` varchar(255) CHARACTER SET utf8 COLLATE utf8_bin NULL DEFAULT NULL,
  `PROC_DEF_ID_` varchar(64) CHARACTER SET utf8 COLLATE utf8_bin NOT NULL,
  `START_TIME_` datetime(3) NOT NULL,
  `END_TIME_` datetime(3) NULL DEFAULT NULL,
  `DURATION_` bigint(20) NULL DEFAULT NULL,
  `START_USER_ID_` varchar(255) CHARACTER SET utf8 COLLATE utf8_bin NULL DEFAULT NULL,
  `START_ACT_ID_` varchar(255) CHARACTER SET utf8 COLLATE utf8_bin NULL DEFAULT NULL,
  `END_ACT_ID_` varchar(255) CHARACTER SET utf8 COLLATE utf8_bin NULL DEFAULT NULL,
  `SUPER_PROCESS_INSTANCE_ID_` varchar(64) CHARACTER SET utf8 COLLATE utf8_bin NULL DEFAULT NULL,
  `DELETE_REASON_` varchar(4000) CHARACTER SET utf8 COLLATE utf8_bin NULL DEFAULT NULL,
  `TENANT_ID_` varchar(255) CHARACTER SET utf8 COLLATE utf8_bin NULL DEFAULT '',
  `NAME_` varchar(255) CHARACTER SET utf8 COLLATE utf8_bin NULL DEFAULT NULL,
  PRIMARY KEY (`ID_`) USING BTREE,
  UNIQUE INDEX `PROC_INST_ID_`(`PROC_INST_ID_`) USING BTREE,
  INDEX `ACT_IDX_HI_PRO_INST_END`(`END_TIME_`) USING BTREE,
  INDEX `ACT_IDX_HI_PRO_I_BUSKEY`(`BUSINESS_KEY_`) USING BTREE
) ENGINE = InnoDB CHARACTER SET = utf8 COLLATE = utf8_bin ROW_FORMAT = Dynamic;

-- ----------------------------
-- Records of act_hi_procinst
-- ----------------------------
INSERT INTO `act_hi_procinst` VALUES ('02a5811f-f00f-11ed-8fce-28cdc4143a0f', '02a5811f-f00f-11ed-8fce-28cdc4143a0f', '1001', 'qingjia:1:dd7fe88a-eff0-11ed-b9a0-28cdc4143a0f', '2023-05-11 23:17:57.793', NULL, NULL, NULL, 'sid-21434B6D-029C-456B-84F0-45C676855D63', NULL, NULL, NULL, '', NULL);
INSERT INTO `act_hi_procinst` VALUES ('1c827626-f51a-11ed-a778-28cdc4143a0f', '1c827626-f51a-11ed-a778-28cdc4143a0f', '13', 'qingjia01:1:e74db415-f519-11ed-a778-28cdc4143a0f', '2023-05-18 09:20:01.462', NULL, NULL, NULL, 'sid-21434B6D-029C-456B-84F0-45C676855D63', NULL, NULL, NULL, '', NULL);
INSERT INTO `act_hi_procinst` VALUES ('c1439b39-eff6-11ed-96ab-28cdc4143a0f', 'c1439b39-eff6-11ed-96ab-28cdc4143a0f', NULL, 'qingjia:1:dd7fe88a-eff0-11ed-b9a0-28cdc4143a0f', '2023-05-11 20:24:20.178', NULL, NULL, NULL, 'sid-21434B6D-029C-456B-84F0-45C676855D63', NULL, NULL, NULL, '', NULL);
INSERT INTO `act_hi_procinst` VALUES ('f2384a19-f0dc-11ed-b541-28cdc4143a0f', 'f2384a19-f0dc-11ed-b541-28cdc4143a0f', NULL, 'jiaban04:1:d38910fc-f0dc-11ed-b1f7-28cdc4143a0f', '2023-05-12 23:52:06.560', NULL, NULL, NULL, 'sid-5C3C1FDF-40B8-404C-B530-0B5734833C86', NULL, NULL, NULL, '', NULL);

-- ----------------------------
-- Table structure for act_hi_taskinst
-- ----------------------------
DROP TABLE IF EXISTS `act_hi_taskinst`;
CREATE TABLE `act_hi_taskinst`  (
  `ID_` varchar(64) CHARACTER SET utf8 COLLATE utf8_bin NOT NULL,
  `PROC_DEF_ID_` varchar(64) CHARACTER SET utf8 COLLATE utf8_bin NULL DEFAULT NULL,
  `TASK_DEF_KEY_` varchar(255) CHARACTER SET utf8 COLLATE utf8_bin NULL DEFAULT NULL,
  `PROC_INST_ID_` varchar(64) CHARACTER SET utf8 COLLATE utf8_bin NULL DEFAULT NULL,
  `EXECUTION_ID_` varchar(64) CHARACTER SET utf8 COLLATE utf8_bin NULL DEFAULT NULL,
  `NAME_` varchar(255) CHARACTER SET utf8 COLLATE utf8_bin NULL DEFAULT NULL,
  `PARENT_TASK_ID_` varchar(64) CHARACTER SET utf8 COLLATE utf8_bin NULL DEFAULT NULL,
  `DESCRIPTION_` varchar(4000) CHARACTER SET utf8 COLLATE utf8_bin NULL DEFAULT NULL,
  `OWNER_` varchar(255) CHARACTER SET utf8 COLLATE utf8_bin NULL DEFAULT NULL,
  `ASSIGNEE_` varchar(255) CHARACTER SET utf8 COLLATE utf8_bin NULL DEFAULT NULL,
  `START_TIME_` datetime(3) NOT NULL,
  `CLAIM_TIME_` datetime(3) NULL DEFAULT NULL,
  `END_TIME_` datetime(3) NULL DEFAULT NULL,
  `DURATION_` bigint(20) NULL DEFAULT NULL,
  `DELETE_REASON_` varchar(4000) CHARACTER SET utf8 COLLATE utf8_bin NULL DEFAULT NULL,
  `PRIORITY_` int(11) NULL DEFAULT NULL,
  `DUE_DATE_` datetime(3) NULL DEFAULT NULL,
  `FORM_KEY_` varchar(255) CHARACTER SET utf8 COLLATE utf8_bin NULL DEFAULT NULL,
  `CATEGORY_` varchar(255) CHARACTER SET utf8 COLLATE utf8_bin NULL DEFAULT NULL,
  `TENANT_ID_` varchar(255) CHARACTER SET utf8 COLLATE utf8_bin NULL DEFAULT '',
  PRIMARY KEY (`ID_`) USING BTREE,
  INDEX `ACT_IDX_HI_TASK_INST_PROCINST`(`PROC_INST_ID_`) USING BTREE
) ENGINE = InnoDB CHARACTER SET = utf8 COLLATE = utf8_bin ROW_FORMAT = Dynamic;

-- ----------------------------
-- Records of act_hi_taskinst
-- ----------------------------
INSERT INTO `act_hi_taskinst` VALUES ('02b0cbc3-f00f-11ed-8fce-28cdc4143a0f', 'qingjia:1:dd7fe88a-eff0-11ed-b9a0-28cdc4143a0f', 'sid-6AA5B9A9-1962-4D59-A4A9-FC147F95CA58', '02a5811f-f00f-11ed-8fce-28cdc4143a0f', '02a61d60-f00f-11ed-8fce-28cdc4143a0f', '', NULL, NULL, NULL, 'zhangsan', '2023-05-11 23:17:57.867', NULL, '2023-05-11 23:42:26.146', 1468279, NULL, 50, NULL, NULL, NULL, '');
INSERT INTO `act_hi_taskinst` VALUES ('1c8cd66c-f51a-11ed-a778-28cdc4143a0f', 'qingjia01:1:e74db415-f519-11ed-a778-28cdc4143a0f', 'sid-6AA5B9A9-1962-4D59-A4A9-FC147F95CA58', '1c827626-f51a-11ed-a778-28cdc4143a0f', '1c850e39-f51a-11ed-a778-28cdc4143a0f', '', NULL, NULL, NULL, 'zhangsan', '2023-05-18 09:20:01.531', NULL, '2023-05-18 13:33:27.266', 15205735, NULL, 50, NULL, NULL, NULL, '');
INSERT INTO `act_hi_taskinst` VALUES ('1e444104-effc-11ed-a37c-28cdc4143a0f', 'qingjia:1:dd7fe88a-eff0-11ed-b9a0-28cdc4143a0f', 'sid-8BA70999-C9AC-4D02-AF0E-D7AA7F0B67B7', 'c1439b39-eff6-11ed-96ab-28cdc4143a0f', 'c144faca-eff6-11ed-96ab-28cdc4143a0f', '', NULL, NULL, NULL, 'lisi', '2023-05-11 21:02:43.694', NULL, NULL, NULL, NULL, 50, NULL, NULL, NULL, '');
INSERT INTO `act_hi_taskinst` VALUES ('6deadf65-f012-11ed-b646-28cdc4143a0f', 'qingjia:1:dd7fe88a-eff0-11ed-b9a0-28cdc4143a0f', 'sid-8BA70999-C9AC-4D02-AF0E-D7AA7F0B67B7', '02a5811f-f00f-11ed-8fce-28cdc4143a0f', '02a61d60-f00f-11ed-8fce-28cdc4143a0f', '', NULL, NULL, NULL, 'lisi', '2023-05-11 23:42:26.254', NULL, NULL, NULL, NULL, 50, NULL, NULL, NULL, '');
INSERT INTO `act_hi_taskinst` VALUES ('83f401c1-f53d-11ed-a4c5-28cdc4143a0f', 'qingjia01:1:e74db415-f519-11ed-a778-28cdc4143a0f', 'sid-8BA70999-C9AC-4D02-AF0E-D7AA7F0B67B7', '1c827626-f51a-11ed-a778-28cdc4143a0f', '1c850e39-f51a-11ed-a778-28cdc4143a0f', '', NULL, NULL, NULL, 'lisi', '2023-05-18 13:33:27.397', NULL, NULL, NULL, NULL, 50, NULL, NULL, NULL, '');
INSERT INTO `act_hi_taskinst` VALUES ('c1528f5d-eff6-11ed-96ab-28cdc4143a0f', 'qingjia:1:dd7fe88a-eff0-11ed-b9a0-28cdc4143a0f', 'sid-6AA5B9A9-1962-4D59-A4A9-FC147F95CA58', 'c1439b39-eff6-11ed-96ab-28cdc4143a0f', 'c144faca-eff6-11ed-96ab-28cdc4143a0f', '', NULL, NULL, NULL, 'zhangsan', '2023-05-11 20:24:20.277', NULL, '2023-05-11 21:02:43.570', 2303293, NULL, 50, NULL, NULL, NULL, '');
INSERT INTO `act_hi_taskinst` VALUES ('f243469d-f0dc-11ed-b541-28cdc4143a0f', 'jiaban04:1:d38910fc-f0dc-11ed-b1f7-28cdc4143a0f', 'sid-EF4DB345-F7B2-448D-99E9-41A7D46189A0', 'f2384a19-f0dc-11ed-b541-28cdc4143a0f', 'f239347a-f0dc-11ed-b541-28cdc4143a0f', '', NULL, NULL, NULL, NULL, '2023-05-12 23:52:06.632', NULL, NULL, NULL, NULL, 50, NULL, NULL, NULL, '');

-- ----------------------------
-- Table structure for act_hi_varinst
-- ----------------------------
DROP TABLE IF EXISTS `act_hi_varinst`;
CREATE TABLE `act_hi_varinst`  (
  `ID_` varchar(64) CHARACTER SET utf8 COLLATE utf8_bin NOT NULL,
  `PROC_INST_ID_` varchar(64) CHARACTER SET utf8 COLLATE utf8_bin NULL DEFAULT NULL,
  `EXECUTION_ID_` varchar(64) CHARACTER SET utf8 COLLATE utf8_bin NULL DEFAULT NULL,
  `TASK_ID_` varchar(64) CHARACTER SET utf8 COLLATE utf8_bin NULL DEFAULT NULL,
  `NAME_` varchar(255) CHARACTER SET utf8 COLLATE utf8_bin NOT NULL,
  `VAR_TYPE_` varchar(100) CHARACTER SET utf8 COLLATE utf8_bin NULL DEFAULT NULL,
  `REV_` int(11) NULL DEFAULT NULL,
  `BYTEARRAY_ID_` varchar(64) CHARACTER SET utf8 COLLATE utf8_bin NULL DEFAULT NULL,
  `DOUBLE_` double NULL DEFAULT NULL,
  `LONG_` bigint(20) NULL DEFAULT NULL,
  `TEXT_` varchar(4000) CHARACTER SET utf8 COLLATE utf8_bin NULL DEFAULT NULL,
  `TEXT2_` varchar(4000) CHARACTER SET utf8 COLLATE utf8_bin NULL DEFAULT NULL,
  `CREATE_TIME_` datetime(3) NULL DEFAULT NULL,
  `LAST_UPDATED_TIME_` datetime(3) NULL DEFAULT NULL,
  PRIMARY KEY (`ID_`) USING BTREE,
  INDEX `ACT_IDX_HI_PROCVAR_PROC_INST`(`PROC_INST_ID_`) USING BTREE,
  INDEX `ACT_IDX_HI_PROCVAR_NAME_TYPE`(`NAME_`, `VAR_TYPE_`) USING BTREE,
  INDEX `ACT_IDX_HI_PROCVAR_TASK_ID`(`TASK_ID_`) USING BTREE
) ENGINE = InnoDB CHARACTER SET = utf8 COLLATE = utf8_bin ROW_FORMAT = Dynamic;

-- ----------------------------
-- Records of act_hi_varinst
-- ----------------------------
INSERT INTO `act_hi_varinst` VALUES ('1c844ae7-f51a-11ed-a778-28cdc4143a0f', '1c827626-f51a-11ed-a778-28cdc4143a0f', '1c827626-f51a-11ed-a778-28cdc4143a0f', NULL, 'data', 'json', 1, NULL, NULL, NULL, '{\"Fs8l5yxwf8sgb\":\"2023-05-20\",\"Fs9n5yxwf8k7u\":\"2023-05-19\",\"Ful05yxwf8ac7\":\"test\",\"Fwdm1npf08iej2\":\"test\"}', 'java.util.LinkedHashMap', '2023-05-18 09:20:01.474', '2023-05-18 13:33:27.304');
INSERT INTO `act_hi_varinst` VALUES ('1c8ef94d-f51a-11ed-a778-28cdc4143a0f', '1c827626-f51a-11ed-a778-28cdc4143a0f', '1c850e39-f51a-11ed-a778-28cdc4143a0f', '1c8cd66c-f51a-11ed-a778-28cdc4143a0f', 'data', 'json', 0, NULL, NULL, NULL, '{\"Fs8l5yxwf8sgb\":\"2023-05-20\",\"Fs9n5yxwf8k7u\":\"2023-05-19\",\"Ful05yxwf8ac7\":\"test\",\"Fwdm1npf08iej2\":\"test\"}', 'java.util.LinkedHashMap', '2023-05-18 09:20:01.544', '2023-05-18 09:20:01.544');
INSERT INTO `act_hi_varinst` VALUES ('83f56152-f53d-11ed-a4c5-28cdc4143a0f', '1c827626-f51a-11ed-a778-28cdc4143a0f', '1c850e39-f51a-11ed-a778-28cdc4143a0f', '83f401c1-f53d-11ed-a4c5-28cdc4143a0f', 'data', 'json', 0, NULL, NULL, NULL, '{\"Fs8l5yxwf8sgb\":\"2023-05-20\",\"Fs9n5yxwf8k7u\":\"2023-05-19\",\"Ful05yxwf8ac7\":\"test\",\"Fwdm1npf08iej2\":\"test\"}', 'java.util.LinkedHashMap', '2023-05-18 13:33:27.406', '2023-05-18 13:33:27.406');

-- ----------------------------
-- Table structure for act_procdef_info
-- ----------------------------
DROP TABLE IF EXISTS `act_procdef_info`;
CREATE TABLE `act_procdef_info`  (
  `ID_` varchar(64) CHARACTER SET utf8 COLLATE utf8_bin NOT NULL,
  `PROC_DEF_ID_` varchar(64) CHARACTER SET utf8 COLLATE utf8_bin NOT NULL,
  `REV_` int(11) NULL DEFAULT NULL,
  `INFO_JSON_ID_` varchar(64) CHARACTER SET utf8 COLLATE utf8_bin NULL DEFAULT NULL,
  PRIMARY KEY (`ID_`) USING BTREE,
  UNIQUE INDEX `ACT_UNIQ_INFO_PROCDEF`(`PROC_DEF_ID_`) USING BTREE,
  INDEX `ACT_IDX_INFO_PROCDEF`(`PROC_DEF_ID_`) USING BTREE,
  INDEX `ACT_FK_INFO_JSON_BA`(`INFO_JSON_ID_`) USING BTREE,
  CONSTRAINT `ACT_FK_INFO_JSON_BA` FOREIGN KEY (`INFO_JSON_ID_`) REFERENCES `act_ge_bytearray` (`ID_`) ON DELETE RESTRICT ON UPDATE RESTRICT,
  CONSTRAINT `ACT_FK_INFO_PROCDEF` FOREIGN KEY (`PROC_DEF_ID_`) REFERENCES `act_re_procdef` (`ID_`) ON DELETE RESTRICT ON UPDATE RESTRICT
) ENGINE = InnoDB CHARACTER SET = utf8 COLLATE = utf8_bin ROW_FORMAT = Dynamic;

-- ----------------------------
-- Records of act_procdef_info
-- ----------------------------

-- ----------------------------
-- Table structure for act_re_deployment
-- ----------------------------
DROP TABLE IF EXISTS `act_re_deployment`;
CREATE TABLE `act_re_deployment`  (
  `ID_` varchar(64) CHARACTER SET utf8 COLLATE utf8_bin NOT NULL,
  `NAME_` varchar(255) CHARACTER SET utf8 COLLATE utf8_bin NULL DEFAULT NULL,
  `CATEGORY_` varchar(255) CHARACTER SET utf8 COLLATE utf8_bin NULL DEFAULT NULL,
  `KEY_` varchar(255) CHARACTER SET utf8 COLLATE utf8_bin NULL DEFAULT NULL,
  `TENANT_ID_` varchar(255) CHARACTER SET utf8 COLLATE utf8_bin NULL DEFAULT '',
  `DEPLOY_TIME_` timestamp(3) NULL DEFAULT NULL,
  `ENGINE_VERSION_` varchar(255) CHARACTER SET utf8 COLLATE utf8_bin NULL DEFAULT NULL,
  `VERSION_` int(11) NULL DEFAULT 1,
  `PROJECT_RELEASE_VERSION_` varchar(255) CHARACTER SET utf8 COLLATE utf8_bin NULL DEFAULT NULL,
  PRIMARY KEY (`ID_`) USING BTREE
) ENGINE = InnoDB CHARACTER SET = utf8 COLLATE = utf8_bin ROW_FORMAT = Dynamic;

-- ----------------------------
-- Records of act_re_deployment
-- ----------------------------
INSERT INTO `act_re_deployment` VALUES ('039a7e65-f011-11ed-b63f-28cdc4143a0f', 'SpringAutoDeployment', NULL, NULL, '', '2023-05-11 23:32:18.386', NULL, 14, NULL);
INSERT INTO `act_re_deployment` VALUES ('0acd8b91-f0db-11ed-bd63-28cdc4143a0f', 'SpringAutoDeployment', NULL, NULL, '', '2023-05-12 23:38:28.799', NULL, 19, NULL);
INSERT INTO `act_re_deployment` VALUES ('1275c914-f012-11ed-af7d-28cdc4143a0f', 'SpringAutoDeployment', NULL, NULL, '', '2023-05-11 23:39:52.807', NULL, 16, NULL);
INSERT INTO `act_re_deployment` VALUES ('19f643a2-effc-11ed-a37c-28cdc4143a0f', 'SpringAutoDeployment', NULL, NULL, '', '2023-05-11 21:02:36.462', NULL, 10, NULL);
INSERT INTO `act_re_deployment` VALUES ('1c052b39-f0de-11ed-a6a7-28cdc4143a0f', 'SpringAutoDeployment', NULL, NULL, '', '2023-05-13 00:00:26.176', NULL, 28, NULL);
INSERT INTO `act_re_deployment` VALUES ('20084723-f522-11ed-b934-28cdc4143a0f', 'SpringAutoDeployment', NULL, NULL, '', '2023-05-18 10:17:23.335', NULL, 61, NULL);
INSERT INTO `act_re_deployment` VALUES ('213c770d-f45d-11ed-862d-28cdc4143a0f', NULL, NULL, NULL, '', '2023-05-17 10:47:14.509', NULL, 1, NULL);
INSERT INTO `act_re_deployment` VALUES ('2398f3b4-f011-11ed-a8e6-28cdc4143a0f', 'SpringAutoDeployment', NULL, NULL, '', '2023-05-11 23:33:12.063', NULL, 15, NULL);
INSERT INTO `act_re_deployment` VALUES ('24c3a6d9-f53f-11ed-ab5d-28cdc4143a0f', 'SpringAutoDeployment', NULL, NULL, '', '2023-05-18 13:45:06.676', NULL, 63, NULL);
INSERT INTO `act_re_deployment` VALUES ('28223ac0-f25f-11ed-a5fd-28cdc4143a0f', 'SpringAutoDeployment', NULL, NULL, '', '2023-05-14 21:56:42.736', NULL, 43, NULL);
INSERT INTO `act_re_deployment` VALUES ('2ff7296f-eff0-11ed-afc8-28cdc4143a0f', 'SpringAutoDeployment', NULL, NULL, '', '2023-05-11 19:37:19.415', NULL, 2, NULL);
INSERT INTO `act_re_deployment` VALUES ('3028b731-f540-11ed-9127-28cdc4143a0f', 'SpringAutoDeployment', NULL, NULL, '', '2023-05-18 13:52:35.274', NULL, 64, NULL);
INSERT INTO `act_re_deployment` VALUES ('377c3f7d-effc-11ed-8725-28cdc4143a0f', 'SpringAutoDeployment', NULL, NULL, '', '2023-05-11 21:03:25.996', NULL, 11, NULL);
INSERT INTO `act_re_deployment` VALUES ('37b4d580-f0dd-11ed-8744-28cdc4143a0f', 'SpringAutoDeployment', NULL, NULL, '', '2023-05-12 23:54:03.126', NULL, 25, NULL);
INSERT INTO `act_re_deployment` VALUES ('3853b120-f0e1-11ed-9105-28cdc4143a0f', 'SpringAutoDeployment', NULL, NULL, '', '2023-05-13 00:22:42.156', NULL, 29, NULL);
INSERT INTO `act_re_deployment` VALUES ('3d70581e-f51e-11ed-9f4b-28cdc4143a0f', 'SpringAutoDeployment', NULL, NULL, '', '2023-05-18 09:49:34.681', NULL, 59, NULL);
INSERT INTO `act_re_deployment` VALUES ('40f020ff-f460-11ed-aee1-28cdc4143a0f', 'SpringAutoDeployment', NULL, NULL, '', '2023-05-17 11:09:36.175', NULL, 52, NULL);
INSERT INTO `act_re_deployment` VALUES ('42cd6266-f14f-11ed-a4bf-28cdc4143a0f', 'SpringAutoDeployment', NULL, NULL, '', '2023-05-13 13:30:24.370', NULL, 35, NULL);
INSERT INTO `act_re_deployment` VALUES ('457f5ff3-f45b-11ed-9b06-28cdc4143a0f', 'SpringAutoDeployment', NULL, NULL, '', '2023-05-17 10:33:56.343', NULL, 50, NULL);
INSERT INTO `act_re_deployment` VALUES ('490a020c-f0db-11ed-9ee9-28cdc4143a0f', 'SpringAutoDeployment', NULL, NULL, '', '2023-05-12 23:40:13.217', NULL, 20, NULL);
INSERT INTO `act_re_deployment` VALUES ('53861a00-f458-11ed-a5e0-28cdc4143a0f', 'SpringAutoDeployment', NULL, NULL, '', '2023-05-17 10:12:51.384', NULL, 49, NULL);
INSERT INTO `act_re_deployment` VALUES ('55f4f51a-effb-11ed-8a6c-28cdc4143a0f', 'SpringAutoDeployment', NULL, NULL, '', '2023-05-11 20:57:07.623', NULL, 8, NULL);
INSERT INTO `act_re_deployment` VALUES ('5ad0eac7-f14d-11ed-8ad9-28cdc4143a0f', 'SpringAutoDeployment', NULL, NULL, '', '2023-05-13 13:16:45.661', NULL, 33, NULL);
INSERT INTO `act_re_deployment` VALUES ('6497931d-f1ab-11ed-9657-28cdc4143a0f', 'SpringAutoDeployment', NULL, NULL, '', '2023-05-14 00:29:54.756', NULL, 38, NULL);
INSERT INTO `act_re_deployment` VALUES ('69ac9973-f012-11ed-b646-28cdc4143a0f', 'SpringAutoDeployment', NULL, NULL, '', '2023-05-11 23:42:19.126', NULL, 17, NULL);
INSERT INTO `act_re_deployment` VALUES ('6bb0981c-f0dc-11ed-8be6-28cdc4143a0f', 'SpringAutoDeployment', NULL, NULL, '', '2023-05-12 23:48:20.845', NULL, 22, NULL);
INSERT INTO `act_re_deployment` VALUES ('6be87833-f325-11ed-aeb5-28cdc4143a0f', 'SpringAutoDeployment', NULL, NULL, '', '2023-05-15 21:35:56.785', NULL, 45, NULL);
INSERT INTO `act_re_deployment` VALUES ('6cd07001-f4b9-11ed-8727-28cdc4143a0f', 'SpringAutoDeployment', NULL, NULL, '', '2023-05-17 21:47:54.993', NULL, 56, NULL);
INSERT INTO `act_re_deployment` VALUES ('6f20e41e-f53d-11ed-a4c5-28cdc4143a0f', 'SpringAutoDeployment', NULL, NULL, '', '2023-05-18 13:32:52.442', NULL, 62, NULL);
INSERT INTO `act_re_deployment` VALUES ('745b1bfa-f0dd-11ed-a82d-28cdc4143a0f', 'SpringAutoDeployment', NULL, NULL, '', '2023-05-12 23:55:44.883', NULL, 26, NULL);
INSERT INTO `act_re_deployment` VALUES ('74cb6704-f261-11ed-9554-28cdc4143a0f', 'SpringAutoDeployment', NULL, NULL, '', '2023-05-14 22:13:10.347', NULL, 44, NULL);
INSERT INTO `act_re_deployment` VALUES ('7c05e4f3-f206-11ed-9ce0-28cdc4143a0f', 'SpringAutoDeployment', NULL, NULL, '', '2023-05-14 11:21:58.276', NULL, 42, NULL);
INSERT INTO `act_re_deployment` VALUES ('7c8b601d-f460-11ed-a250-28cdc4143a0f', 'SpringAutoDeployment', NULL, NULL, '', '2023-05-17 11:11:16.177', NULL, 53, NULL);
INSERT INTO `act_re_deployment` VALUES ('7ce100f7-f06f-11ed-8d6f-28cdc4143a0f', 'SpringAutoDeployment', NULL, NULL, '', '2023-05-12 10:48:34.539', NULL, 18, NULL);
INSERT INTO `act_re_deployment` VALUES ('830258ac-f593-11ed-b45d-28cdc4143a0f', 'SpringAutoDeployment', NULL, NULL, '', '2023-05-18 23:49:02.509', NULL, 65, NULL);
INSERT INTO `act_re_deployment` VALUES ('93b70717-f204-11ed-9e73-28cdc4143a0f', 'SpringAutoDeployment', NULL, NULL, '', '2023-05-14 11:08:19.027', NULL, 40, NULL);
INSERT INTO `act_re_deployment` VALUES ('9efb3cf7-f1a0-11ed-bdef-28cdc4143a0f', 'SpringAutoDeployment', NULL, NULL, '', '2023-05-13 23:12:48.254', NULL, 36, NULL);
INSERT INTO `act_re_deployment` VALUES ('a1b9f25a-f329-11ed-8108-28cdc4143a0f', 'SpringAutoDeployment', NULL, NULL, '', '2023-05-15 22:06:05.073', NULL, 46, NULL);
INSERT INTO `act_re_deployment` VALUES ('a45dd344-f465-11ed-904a-28cdc4143a0f', 'SpringAutoDeployment', NULL, NULL, '', '2023-05-17 11:48:10.467', NULL, 55, NULL);
INSERT INTO `act_re_deployment` VALUES ('a9e4b1ee-eff0-11ed-a2d8-28cdc4143a0f', 'SpringAutoDeployment', NULL, NULL, '', '2023-05-11 19:40:43.982', NULL, 3, NULL);
INSERT INTO `act_re_deployment` VALUES ('abd8239d-eff8-11ed-8fec-28cdc4143a0f', 'SpringAutoDeployment', NULL, NULL, '', '2023-05-11 20:38:03.228', NULL, 7, NULL);
INSERT INTO `act_re_deployment` VALUES ('afb640b6-f1a8-11ed-afbe-28cdc4143a0f', 'SpringAutoDeployment', NULL, NULL, '', '2023-05-14 00:10:32.289', NULL, 37, NULL);
INSERT INTO `act_re_deployment` VALUES ('b22a98d4-eff7-11ed-b982-28cdc4143a0f', 'SpringAutoDeployment', NULL, NULL, '', '2023-05-11 20:31:04.342', NULL, 6, NULL);
INSERT INTO `act_re_deployment` VALUES ('b29b55ea-efa5-11ed-9f5e-28cdc4143a0f', 'SpringAutoDeployment', NULL, NULL, '', '2023-05-11 10:44:06.344', NULL, 1, NULL);
INSERT INTO `act_re_deployment` VALUES ('b3434f2b-f51e-11ed-9b42-28cdc4143a0f', 'SpringAutoDeployment', NULL, NULL, '', '2023-05-18 09:52:52.359', NULL, 60, NULL);
INSERT INTO `act_re_deployment` VALUES ('b64de72b-f32d-11ed-a91f-28cdc4143a0f', 'SpringAutoDeployment', NULL, NULL, '', '2023-05-15 22:35:17.585', NULL, 47, NULL);
INSERT INTO `act_re_deployment` VALUES ('b7e21a05-f205-11ed-8e33-28cdc4143a0f', 'SpringAutoDeployment', NULL, NULL, '', '2023-05-14 11:16:29.206', NULL, 41, NULL);
INSERT INTO `act_re_deployment` VALUES ('bacbb615-f0db-11ed-9988-28cdc4143a0f', 'SpringAutoDeployment', NULL, NULL, '', '2023-05-12 23:43:24.063', NULL, 21, NULL);
INSERT INTO `act_re_deployment` VALUES ('bc45fce8-eff6-11ed-96ab-28cdc4143a0f', 'SpringAutoDeployment', NULL, NULL, '', '2023-05-11 20:24:11.798', NULL, 5, NULL);
INSERT INTO `act_re_deployment` VALUES ('bf2530a4-f45b-11ed-9b06-28cdc4143a0f', NULL, NULL, NULL, '', '2023-05-17 10:37:20.444', NULL, 1, NULL);
INSERT INTO `act_re_deployment` VALUES ('cd1f1da5-f141-11ed-b64b-28cdc4143a0f', 'SpringAutoDeployment', NULL, NULL, '', '2023-05-13 11:54:03.476', NULL, 31, NULL);
INSERT INTO `act_re_deployment` VALUES ('cd6325a0-effb-11ed-9cde-28cdc4143a0f', 'SpringAutoDeployment', NULL, NULL, '', '2023-05-11 21:00:27.993', NULL, 9, NULL);
INSERT INTO `act_re_deployment` VALUES ('cf4ea02b-f518-11ed-af9a-28cdc4143a0f', 'SpringAutoDeployment', NULL, NULL, '', '2023-05-18 09:10:42.427', NULL, 57, NULL);
INSERT INTO `act_re_deployment` VALUES ('cf9f53a8-f0dc-11ed-b1f7-28cdc4143a0f', 'SpringAutoDeployment', NULL, NULL, '', '2023-05-12 23:51:08.507', NULL, 23, NULL);
INSERT INTO `act_re_deployment` VALUES ('d1847782-f4b9-11ed-8727-28cdc4143a0f', 'java.util.zip.ZipInputStream@639f08c', NULL, NULL, '', '2023-05-17 21:50:43.959', NULL, 1, NULL);
INSERT INTO `act_re_deployment` VALUES ('d369c929-f0dc-11ed-b1f7-28cdc4143a0f', '04', NULL, NULL, '', '2023-05-12 23:51:14.875', NULL, 1, NULL);
INSERT INTO `act_re_deployment` VALUES ('d53b4736-f594-11ed-9f16-28cdc4143a0f', 'SpringAutoDeployment', NULL, NULL, '', '2023-05-18 23:58:29.958', NULL, 66, NULL);
INSERT INTO `act_re_deployment` VALUES ('d6c16c96-f1ad-11ed-b5bd-28cdc4143a0f', 'SpringAutoDeployment', NULL, NULL, '', '2023-05-14 00:47:25.285', NULL, 39, NULL);
INSERT INTO `act_re_deployment` VALUES ('d94a7c36-eff0-11ed-b9a0-28cdc4143a0f', 'SpringAutoDeployment', NULL, NULL, '', '2023-05-11 19:42:03.502', NULL, 4, NULL);
INSERT INTO `act_re_deployment` VALUES ('dd360e47-eff0-11ed-b9a0-28cdc4143a0f', '', NULL, NULL, '', '2023-05-11 19:42:10.085', NULL, 1, NULL);
INSERT INTO `act_re_deployment` VALUES ('e07aa39f-f010-11ed-a340-28cdc4143a0f', 'SpringAutoDeployment', NULL, NULL, '', '2023-05-11 23:31:19.457', NULL, 13, NULL);
INSERT INTO `act_re_deployment` VALUES ('e29d7117-f460-11ed-8e89-28cdc4143a0f', 'SpringAutoDeployment', NULL, NULL, '', '2023-05-17 11:14:07.420', NULL, 54, NULL);
INSERT INTO `act_re_deployment` VALUES ('e47daef1-f146-11ed-8568-28cdc4143a0f', 'SpringAutoDeployment', NULL, NULL, '', '2023-05-13 12:30:30.161', NULL, 32, NULL);
INSERT INTO `act_re_deployment` VALUES ('e7337553-f519-11ed-a778-28cdc4143a0f', NULL, NULL, NULL, '', '2023-05-18 09:18:32.025', NULL, 1, NULL);
INSERT INTO `act_re_deployment` VALUES ('e82d8b68-f460-11ed-8e89-28cdc4143a0f', '04', NULL, NULL, '', '2023-05-17 11:14:16.769', NULL, 1, NULL);
INSERT INTO `act_re_deployment` VALUES ('ea4cb8b2-f518-11ed-a778-28cdc4143a0f', 'SpringAutoDeployment', NULL, NULL, '', '2023-05-18 09:11:27.717', NULL, 58, NULL);
INSERT INTO `act_re_deployment` VALUES ('eb411edd-f14e-11ed-9d62-28cdc4143a0f', 'SpringAutoDeployment', NULL, NULL, '', '2023-05-13 13:27:57.486', NULL, 34, NULL);
INSERT INTO `act_re_deployment` VALUES ('ec59aefa-f13e-11ed-a8a7-28cdc4143a0f', 'SpringAutoDeployment', NULL, NULL, '', '2023-05-13 11:33:27.371', NULL, 30, NULL);
INSERT INTO `act_re_deployment` VALUES ('ee9c1088-f0dc-11ed-b541-28cdc4143a0f', 'SpringAutoDeployment', NULL, NULL, '', '2023-05-12 23:52:00.494', NULL, 24, NULL);
INSERT INTO `act_re_deployment` VALUES ('f95a5a1c-f0dd-11ed-b8cc-28cdc4143a0f', 'SpringAutoDeployment', NULL, NULL, '', '2023-05-12 23:59:28.013', NULL, 27, NULL);
INSERT INTO `act_re_deployment` VALUES ('fe5cb3de-f00e-11ed-8fce-28cdc4143a0f', 'SpringAutoDeployment', NULL, NULL, '', '2023-05-11 23:17:50.598', NULL, 12, NULL);

-- ----------------------------
-- Table structure for act_re_model
-- ----------------------------
DROP TABLE IF EXISTS `act_re_model`;
CREATE TABLE `act_re_model`  (
  `ID_` varchar(64) CHARACTER SET utf8 COLLATE utf8_bin NOT NULL,
  `REV_` int(11) NULL DEFAULT NULL,
  `NAME_` varchar(255) CHARACTER SET utf8 COLLATE utf8_bin NULL DEFAULT NULL,
  `KEY_` varchar(255) CHARACTER SET utf8 COLLATE utf8_bin NULL DEFAULT NULL,
  `CATEGORY_` varchar(255) CHARACTER SET utf8 COLLATE utf8_bin NULL DEFAULT NULL,
  `CREATE_TIME_` timestamp(3) NULL DEFAULT NULL,
  `LAST_UPDATE_TIME_` timestamp(3) NULL DEFAULT NULL,
  `VERSION_` int(11) NULL DEFAULT NULL,
  `META_INFO_` varchar(4000) CHARACTER SET utf8 COLLATE utf8_bin NULL DEFAULT NULL,
  `DEPLOYMENT_ID_` varchar(64) CHARACTER SET utf8 COLLATE utf8_bin NULL DEFAULT NULL,
  `EDITOR_SOURCE_VALUE_ID_` varchar(64) CHARACTER SET utf8 COLLATE utf8_bin NULL DEFAULT NULL,
  `EDITOR_SOURCE_EXTRA_VALUE_ID_` varchar(64) CHARACTER SET utf8 COLLATE utf8_bin NULL DEFAULT NULL,
  `TENANT_ID_` varchar(255) CHARACTER SET utf8 COLLATE utf8_bin NULL DEFAULT '',
  PRIMARY KEY (`ID_`) USING BTREE,
  INDEX `ACT_FK_MODEL_SOURCE`(`EDITOR_SOURCE_VALUE_ID_`) USING BTREE,
  INDEX `ACT_FK_MODEL_SOURCE_EXTRA`(`EDITOR_SOURCE_EXTRA_VALUE_ID_`) USING BTREE,
  INDEX `ACT_FK_MODEL_DEPLOYMENT`(`DEPLOYMENT_ID_`) USING BTREE,
  CONSTRAINT `ACT_FK_MODEL_DEPLOYMENT` FOREIGN KEY (`DEPLOYMENT_ID_`) REFERENCES `act_re_deployment` (`ID_`) ON DELETE RESTRICT ON UPDATE RESTRICT,
  CONSTRAINT `ACT_FK_MODEL_SOURCE` FOREIGN KEY (`EDITOR_SOURCE_VALUE_ID_`) REFERENCES `act_ge_bytearray` (`ID_`) ON DELETE RESTRICT ON UPDATE RESTRICT,
  CONSTRAINT `ACT_FK_MODEL_SOURCE_EXTRA` FOREIGN KEY (`EDITOR_SOURCE_EXTRA_VALUE_ID_`) REFERENCES `act_ge_bytearray` (`ID_`) ON DELETE RESTRICT ON UPDATE RESTRICT
) ENGINE = InnoDB CHARACTER SET = utf8 COLLATE = utf8_bin ROW_FORMAT = Dynamic;

-- ----------------------------
-- Records of act_re_model
-- ----------------------------

-- ----------------------------
-- Table structure for act_re_procdef
-- ----------------------------
DROP TABLE IF EXISTS `act_re_procdef`;
CREATE TABLE `act_re_procdef`  (
  `ID_` varchar(64) CHARACTER SET utf8 COLLATE utf8_bin NOT NULL,
  `REV_` int(11) NULL DEFAULT NULL,
  `CATEGORY_` varchar(255) CHARACTER SET utf8 COLLATE utf8_bin NULL DEFAULT NULL,
  `NAME_` varchar(255) CHARACTER SET utf8 COLLATE utf8_bin NULL DEFAULT NULL,
  `KEY_` varchar(255) CHARACTER SET utf8 COLLATE utf8_bin NOT NULL,
  `VERSION_` int(11) NOT NULL,
  `DEPLOYMENT_ID_` varchar(64) CHARACTER SET utf8 COLLATE utf8_bin NULL DEFAULT NULL,
  `RESOURCE_NAME_` varchar(4000) CHARACTER SET utf8 COLLATE utf8_bin NULL DEFAULT NULL,
  `DGRM_RESOURCE_NAME_` varchar(4000) CHARACTER SET utf8 COLLATE utf8_bin NULL DEFAULT NULL,
  `DESCRIPTION_` varchar(4000) CHARACTER SET utf8 COLLATE utf8_bin NULL DEFAULT NULL,
  `HAS_START_FORM_KEY_` tinyint(4) NULL DEFAULT NULL,
  `HAS_GRAPHICAL_NOTATION_` tinyint(4) NULL DEFAULT NULL,
  `SUSPENSION_STATE_` int(11) NULL DEFAULT NULL,
  `TENANT_ID_` varchar(255) CHARACTER SET utf8 COLLATE utf8_bin NULL DEFAULT '',
  `ENGINE_VERSION_` varchar(255) CHARACTER SET utf8 COLLATE utf8_bin NULL DEFAULT NULL,
  `APP_VERSION_` int(11) NULL DEFAULT NULL,
  PRIMARY KEY (`ID_`) USING BTREE,
  UNIQUE INDEX `ACT_UNIQ_PROCDEF`(`KEY_`, `VERSION_`, `TENANT_ID_`) USING BTREE
) ENGINE = InnoDB CHARACTER SET = utf8 COLLATE = utf8_bin ROW_FORMAT = Dynamic;

-- ----------------------------
-- Records of act_re_procdef
-- ----------------------------
INSERT INTO `act_re_procdef` VALUES ('jiaban04:1:d38910fc-f0dc-11ed-b1f7-28cdc4143a0f', 1, 'http://www.activiti.org/processdef', NULL, 'jiaban04', 1, 'd369c929-f0dc-11ed-b1f7-28cdc4143a0f', 'process/jiaban04.bpmn20.xml', 'process/jiaban04.png', NULL, 0, 1, 1, '', NULL, NULL);
INSERT INTO `act_re_procdef` VALUES ('jiaban04:2:e849ed0b-f460-11ed-8e89-28cdc4143a0f', 1, 'http://www.activiti.org/processdef', NULL, 'jiaban04', 2, 'e82d8b68-f460-11ed-8e89-28cdc4143a0f', 'process/jiaban04.bpmn20.xml', 'process/jiaban04.png', NULL, 0, 1, 1, '', NULL, NULL);
INSERT INTO `act_re_procdef` VALUES ('qingjia01:1:e74db415-f519-11ed-a778-28cdc4143a0f', 1, 'http://www.activiti.org/processdef', NULL, 'qingjia01', 1, 'e7337553-f519-11ed-a778-28cdc4143a0f', 'qingjia.bpmn20.xml', NULL, NULL, 0, 1, 1, '', NULL, NULL);
INSERT INTO `act_re_procdef` VALUES ('qingjia:1:dd7fe88a-eff0-11ed-b9a0-28cdc4143a0f', 2, 'http://www.activiti.org/processdef', NULL, 'qingjia', 1, 'dd360e47-eff0-11ed-b9a0-28cdc4143a0f', 'process/qingjia.bpmn20.xml', 'process/qingjia.png', NULL, 0, 1, 2, '', NULL, NULL);

-- ----------------------------
-- Table structure for act_ru_deadletter_job
-- ----------------------------
DROP TABLE IF EXISTS `act_ru_deadletter_job`;
CREATE TABLE `act_ru_deadletter_job`  (
  `ID_` varchar(64) CHARACTER SET utf8 COLLATE utf8_bin NOT NULL,
  `REV_` int(11) NULL DEFAULT NULL,
  `TYPE_` varchar(255) CHARACTER SET utf8 COLLATE utf8_bin NOT NULL,
  `EXCLUSIVE_` tinyint(1) NULL DEFAULT NULL,
  `EXECUTION_ID_` varchar(64) CHARACTER SET utf8 COLLATE utf8_bin NULL DEFAULT NULL,
  `PROCESS_INSTANCE_ID_` varchar(64) CHARACTER SET utf8 COLLATE utf8_bin NULL DEFAULT NULL,
  `PROC_DEF_ID_` varchar(64) CHARACTER SET utf8 COLLATE utf8_bin NULL DEFAULT NULL,
  `EXCEPTION_STACK_ID_` varchar(64) CHARACTER SET utf8 COLLATE utf8_bin NULL DEFAULT NULL,
  `EXCEPTION_MSG_` varchar(4000) CHARACTER SET utf8 COLLATE utf8_bin NULL DEFAULT NULL,
  `DUEDATE_` timestamp(3) NULL DEFAULT NULL,
  `REPEAT_` varchar(255) CHARACTER SET utf8 COLLATE utf8_bin NULL DEFAULT NULL,
  `HANDLER_TYPE_` varchar(255) CHARACTER SET utf8 COLLATE utf8_bin NULL DEFAULT NULL,
  `HANDLER_CFG_` varchar(4000) CHARACTER SET utf8 COLLATE utf8_bin NULL DEFAULT NULL,
  `TENANT_ID_` varchar(255) CHARACTER SET utf8 COLLATE utf8_bin NULL DEFAULT '',
  PRIMARY KEY (`ID_`) USING BTREE,
  INDEX `ACT_FK_DEADLETTER_JOB_EXECUTION`(`EXECUTION_ID_`) USING BTREE,
  INDEX `ACT_FK_DEADLETTER_JOB_PROCESS_INSTANCE`(`PROCESS_INSTANCE_ID_`) USING BTREE,
  INDEX `ACT_FK_DEADLETTER_JOB_PROC_DEF`(`PROC_DEF_ID_`) USING BTREE,
  INDEX `ACT_FK_DEADLETTER_JOB_EXCEPTION`(`EXCEPTION_STACK_ID_`) USING BTREE,
  CONSTRAINT `ACT_FK_DEADLETTER_JOB_EXCEPTION` FOREIGN KEY (`EXCEPTION_STACK_ID_`) REFERENCES `act_ge_bytearray` (`ID_`) ON DELETE RESTRICT ON UPDATE RESTRICT,
  CONSTRAINT `ACT_FK_DEADLETTER_JOB_EXECUTION` FOREIGN KEY (`EXECUTION_ID_`) REFERENCES `act_ru_execution` (`ID_`) ON DELETE RESTRICT ON UPDATE RESTRICT,
  CONSTRAINT `ACT_FK_DEADLETTER_JOB_PROCESS_INSTANCE` FOREIGN KEY (`PROCESS_INSTANCE_ID_`) REFERENCES `act_ru_execution` (`ID_`) ON DELETE RESTRICT ON UPDATE RESTRICT,
  CONSTRAINT `ACT_FK_DEADLETTER_JOB_PROC_DEF` FOREIGN KEY (`PROC_DEF_ID_`) REFERENCES `act_re_procdef` (`ID_`) ON DELETE RESTRICT ON UPDATE RESTRICT
) ENGINE = InnoDB CHARACTER SET = utf8 COLLATE = utf8_bin ROW_FORMAT = Dynamic;

-- ----------------------------
-- Records of act_ru_deadletter_job
-- ----------------------------

-- ----------------------------
-- Table structure for act_ru_event_subscr
-- ----------------------------
DROP TABLE IF EXISTS `act_ru_event_subscr`;
CREATE TABLE `act_ru_event_subscr`  (
  `ID_` varchar(64) CHARACTER SET utf8 COLLATE utf8_bin NOT NULL,
  `REV_` int(11) NULL DEFAULT NULL,
  `EVENT_TYPE_` varchar(255) CHARACTER SET utf8 COLLATE utf8_bin NOT NULL,
  `EVENT_NAME_` varchar(255) CHARACTER SET utf8 COLLATE utf8_bin NULL DEFAULT NULL,
  `EXECUTION_ID_` varchar(64) CHARACTER SET utf8 COLLATE utf8_bin NULL DEFAULT NULL,
  `PROC_INST_ID_` varchar(64) CHARACTER SET utf8 COLLATE utf8_bin NULL DEFAULT NULL,
  `ACTIVITY_ID_` varchar(64) CHARACTER SET utf8 COLLATE utf8_bin NULL DEFAULT NULL,
  `CONFIGURATION_` varchar(255) CHARACTER SET utf8 COLLATE utf8_bin NULL DEFAULT NULL,
  `CREATED_` timestamp(3) NOT NULL DEFAULT CURRENT_TIMESTAMP(3),
  `PROC_DEF_ID_` varchar(64) CHARACTER SET utf8 COLLATE utf8_bin NULL DEFAULT NULL,
  `TENANT_ID_` varchar(255) CHARACTER SET utf8 COLLATE utf8_bin NULL DEFAULT '',
  PRIMARY KEY (`ID_`) USING BTREE,
  INDEX `ACT_IDX_EVENT_SUBSCR_CONFIG_`(`CONFIGURATION_`) USING BTREE,
  INDEX `ACT_FK_EVENT_EXEC`(`EXECUTION_ID_`) USING BTREE,
  CONSTRAINT `ACT_FK_EVENT_EXEC` FOREIGN KEY (`EXECUTION_ID_`) REFERENCES `act_ru_execution` (`ID_`) ON DELETE RESTRICT ON UPDATE RESTRICT
) ENGINE = InnoDB CHARACTER SET = utf8 COLLATE = utf8_bin ROW_FORMAT = Dynamic;

-- ----------------------------
-- Records of act_ru_event_subscr
-- ----------------------------

-- ----------------------------
-- Table structure for act_ru_execution
-- ----------------------------
DROP TABLE IF EXISTS `act_ru_execution`;
CREATE TABLE `act_ru_execution`  (
  `ID_` varchar(64) CHARACTER SET utf8 COLLATE utf8_bin NOT NULL,
  `REV_` int(11) NULL DEFAULT NULL,
  `PROC_INST_ID_` varchar(64) CHARACTER SET utf8 COLLATE utf8_bin NULL DEFAULT NULL,
  `BUSINESS_KEY_` varchar(255) CHARACTER SET utf8 COLLATE utf8_bin NULL DEFAULT NULL,
  `PARENT_ID_` varchar(64) CHARACTER SET utf8 COLLATE utf8_bin NULL DEFAULT NULL,
  `PROC_DEF_ID_` varchar(64) CHARACTER SET utf8 COLLATE utf8_bin NULL DEFAULT NULL,
  `SUPER_EXEC_` varchar(64) CHARACTER SET utf8 COLLATE utf8_bin NULL DEFAULT NULL,
  `ROOT_PROC_INST_ID_` varchar(64) CHARACTER SET utf8 COLLATE utf8_bin NULL DEFAULT NULL,
  `ACT_ID_` varchar(255) CHARACTER SET utf8 COLLATE utf8_bin NULL DEFAULT NULL,
  `IS_ACTIVE_` tinyint(4) NULL DEFAULT NULL,
  `IS_CONCURRENT_` tinyint(4) NULL DEFAULT NULL,
  `IS_SCOPE_` tinyint(4) NULL DEFAULT NULL,
  `IS_EVENT_SCOPE_` tinyint(4) NULL DEFAULT NULL,
  `IS_MI_ROOT_` tinyint(4) NULL DEFAULT NULL,
  `SUSPENSION_STATE_` int(11) NULL DEFAULT NULL,
  `CACHED_ENT_STATE_` int(11) NULL DEFAULT NULL,
  `TENANT_ID_` varchar(255) CHARACTER SET utf8 COLLATE utf8_bin NULL DEFAULT '',
  `NAME_` varchar(255) CHARACTER SET utf8 COLLATE utf8_bin NULL DEFAULT NULL,
  `START_TIME_` datetime(3) NULL DEFAULT NULL,
  `START_USER_ID_` varchar(255) CHARACTER SET utf8 COLLATE utf8_bin NULL DEFAULT NULL,
  `LOCK_TIME_` timestamp(3) NULL DEFAULT NULL,
  `IS_COUNT_ENABLED_` tinyint(4) NULL DEFAULT NULL,
  `EVT_SUBSCR_COUNT_` int(11) NULL DEFAULT NULL,
  `TASK_COUNT_` int(11) NULL DEFAULT NULL,
  `JOB_COUNT_` int(11) NULL DEFAULT NULL,
  `TIMER_JOB_COUNT_` int(11) NULL DEFAULT NULL,
  `SUSP_JOB_COUNT_` int(11) NULL DEFAULT NULL,
  `DEADLETTER_JOB_COUNT_` int(11) NULL DEFAULT NULL,
  `VAR_COUNT_` int(11) NULL DEFAULT NULL,
  `ID_LINK_COUNT_` int(11) NULL DEFAULT NULL,
  `APP_VERSION_` int(11) NULL DEFAULT NULL,
  PRIMARY KEY (`ID_`) USING BTREE,
  INDEX `ACT_IDX_EXEC_BUSKEY`(`BUSINESS_KEY_`) USING BTREE,
  INDEX `ACT_IDC_EXEC_ROOT`(`ROOT_PROC_INST_ID_`) USING BTREE,
  INDEX `ACT_FK_EXE_PROCINST`(`PROC_INST_ID_`) USING BTREE,
  INDEX `ACT_FK_EXE_PARENT`(`PARENT_ID_`) USING BTREE,
  INDEX `ACT_FK_EXE_SUPER`(`SUPER_EXEC_`) USING BTREE,
  INDEX `ACT_FK_EXE_PROCDEF`(`PROC_DEF_ID_`) USING BTREE,
  CONSTRAINT `ACT_FK_EXE_PARENT` FOREIGN KEY (`PARENT_ID_`) REFERENCES `act_ru_execution` (`ID_`) ON DELETE CASCADE ON UPDATE RESTRICT,
  CONSTRAINT `ACT_FK_EXE_PROCDEF` FOREIGN KEY (`PROC_DEF_ID_`) REFERENCES `act_re_procdef` (`ID_`) ON DELETE RESTRICT ON UPDATE RESTRICT,
  CONSTRAINT `ACT_FK_EXE_PROCINST` FOREIGN KEY (`PROC_INST_ID_`) REFERENCES `act_ru_execution` (`ID_`) ON DELETE CASCADE ON UPDATE CASCADE,
  CONSTRAINT `ACT_FK_EXE_SUPER` FOREIGN KEY (`SUPER_EXEC_`) REFERENCES `act_ru_execution` (`ID_`) ON DELETE CASCADE ON UPDATE RESTRICT
) ENGINE = InnoDB CHARACTER SET = utf8 COLLATE = utf8_bin ROW_FORMAT = Dynamic;

-- ----------------------------
-- Records of act_ru_execution
-- ----------------------------
INSERT INTO `act_ru_execution` VALUES ('02a5811f-f00f-11ed-8fce-28cdc4143a0f', 3, '02a5811f-f00f-11ed-8fce-28cdc4143a0f', '1001', NULL, 'qingjia:1:dd7fe88a-eff0-11ed-b9a0-28cdc4143a0f', NULL, '02a5811f-f00f-11ed-8fce-28cdc4143a0f', NULL, 1, 0, 1, 0, 0, 1, NULL, '', NULL, '2023-05-11 23:17:57.793', NULL, NULL, 0, 0, 0, 0, 0, 0, 0, 0, 0, NULL);
INSERT INTO `act_ru_execution` VALUES ('02a61d60-f00f-11ed-8fce-28cdc4143a0f', 4, '02a5811f-f00f-11ed-8fce-28cdc4143a0f', NULL, '02a5811f-f00f-11ed-8fce-28cdc4143a0f', 'qingjia:1:dd7fe88a-eff0-11ed-b9a0-28cdc4143a0f', NULL, '02a5811f-f00f-11ed-8fce-28cdc4143a0f', 'sid-8BA70999-C9AC-4D02-AF0E-D7AA7F0B67B7', 1, 0, 0, 0, 0, 1, NULL, '', NULL, '2023-05-11 23:17:57.797', NULL, NULL, 0, 0, 0, 0, 0, 0, 0, 0, 0, NULL);
INSERT INTO `act_ru_execution` VALUES ('1c827626-f51a-11ed-a778-28cdc4143a0f', 1, '1c827626-f51a-11ed-a778-28cdc4143a0f', '13', NULL, 'qingjia01:1:e74db415-f519-11ed-a778-28cdc4143a0f', NULL, '1c827626-f51a-11ed-a778-28cdc4143a0f', NULL, 1, 0, 1, 0, 0, 1, NULL, '', NULL, '2023-05-18 09:20:01.462', NULL, NULL, 0, 0, 0, 0, 0, 0, 0, 0, 0, NULL);
INSERT INTO `act_ru_execution` VALUES ('1c850e39-f51a-11ed-a778-28cdc4143a0f', 2, '1c827626-f51a-11ed-a778-28cdc4143a0f', NULL, '1c827626-f51a-11ed-a778-28cdc4143a0f', 'qingjia01:1:e74db415-f519-11ed-a778-28cdc4143a0f', NULL, '1c827626-f51a-11ed-a778-28cdc4143a0f', 'sid-8BA70999-C9AC-4D02-AF0E-D7AA7F0B67B7', 1, 0, 0, 0, 0, 1, NULL, '', NULL, '2023-05-18 09:20:01.479', NULL, NULL, 0, 0, 0, 0, 0, 0, 0, 0, 0, NULL);
INSERT INTO `act_ru_execution` VALUES ('c1439b39-eff6-11ed-96ab-28cdc4143a0f', 2, 'c1439b39-eff6-11ed-96ab-28cdc4143a0f', NULL, NULL, 'qingjia:1:dd7fe88a-eff0-11ed-b9a0-28cdc4143a0f', NULL, 'c1439b39-eff6-11ed-96ab-28cdc4143a0f', NULL, 1, 0, 1, 0, 0, 2, NULL, '', NULL, '2023-05-11 20:24:20.178', NULL, NULL, 0, 0, 0, 0, 0, 0, 0, 0, 0, NULL);
INSERT INTO `act_ru_execution` VALUES ('c144faca-eff6-11ed-96ab-28cdc4143a0f', 3, 'c1439b39-eff6-11ed-96ab-28cdc4143a0f', NULL, 'c1439b39-eff6-11ed-96ab-28cdc4143a0f', 'qingjia:1:dd7fe88a-eff0-11ed-b9a0-28cdc4143a0f', NULL, 'c1439b39-eff6-11ed-96ab-28cdc4143a0f', 'sid-8BA70999-C9AC-4D02-AF0E-D7AA7F0B67B7', 1, 0, 0, 0, 0, 2, NULL, '', NULL, '2023-05-11 20:24:20.187', NULL, NULL, 0, 0, 0, 0, 0, 0, 0, 0, 0, NULL);
INSERT INTO `act_ru_execution` VALUES ('f2384a19-f0dc-11ed-b541-28cdc4143a0f', 1, 'f2384a19-f0dc-11ed-b541-28cdc4143a0f', NULL, NULL, 'jiaban04:1:d38910fc-f0dc-11ed-b1f7-28cdc4143a0f', NULL, 'f2384a19-f0dc-11ed-b541-28cdc4143a0f', NULL, 1, 0, 1, 0, 0, 1, NULL, '', NULL, '2023-05-12 23:52:06.560', NULL, NULL, 0, 0, 0, 0, 0, 0, 0, 0, 0, NULL);
INSERT INTO `act_ru_execution` VALUES ('f239347a-f0dc-11ed-b541-28cdc4143a0f', 1, 'f2384a19-f0dc-11ed-b541-28cdc4143a0f', NULL, 'f2384a19-f0dc-11ed-b541-28cdc4143a0f', 'jiaban04:1:d38910fc-f0dc-11ed-b1f7-28cdc4143a0f', NULL, 'f2384a19-f0dc-11ed-b541-28cdc4143a0f', 'sid-EF4DB345-F7B2-448D-99E9-41A7D46189A0', 1, 0, 0, 0, 0, 1, NULL, '', NULL, '2023-05-12 23:52:06.566', NULL, NULL, 0, 0, 0, 0, 0, 0, 0, 0, 0, NULL);

-- ----------------------------
-- Table structure for act_ru_identitylink
-- ----------------------------
DROP TABLE IF EXISTS `act_ru_identitylink`;
CREATE TABLE `act_ru_identitylink`  (
  `ID_` varchar(64) CHARACTER SET utf8 COLLATE utf8_bin NOT NULL,
  `REV_` int(11) NULL DEFAULT NULL,
  `GROUP_ID_` varchar(255) CHARACTER SET utf8 COLLATE utf8_bin NULL DEFAULT NULL,
  `TYPE_` varchar(255) CHARACTER SET utf8 COLLATE utf8_bin NULL DEFAULT NULL,
  `USER_ID_` varchar(255) CHARACTER SET utf8 COLLATE utf8_bin NULL DEFAULT NULL,
  `TASK_ID_` varchar(64) CHARACTER SET utf8 COLLATE utf8_bin NULL DEFAULT NULL,
  `PROC_INST_ID_` varchar(64) CHARACTER SET utf8 COLLATE utf8_bin NULL DEFAULT NULL,
  `PROC_DEF_ID_` varchar(64) CHARACTER SET utf8 COLLATE utf8_bin NULL DEFAULT NULL,
  PRIMARY KEY (`ID_`) USING BTREE,
  INDEX `ACT_IDX_IDENT_LNK_USER`(`USER_ID_`) USING BTREE,
  INDEX `ACT_IDX_IDENT_LNK_GROUP`(`GROUP_ID_`) USING BTREE,
  INDEX `ACT_IDX_ATHRZ_PROCEDEF`(`PROC_DEF_ID_`) USING BTREE,
  INDEX `ACT_FK_TSKASS_TASK`(`TASK_ID_`) USING BTREE,
  INDEX `ACT_FK_IDL_PROCINST`(`PROC_INST_ID_`) USING BTREE,
  CONSTRAINT `ACT_FK_ATHRZ_PROCEDEF` FOREIGN KEY (`PROC_DEF_ID_`) REFERENCES `act_re_procdef` (`ID_`) ON DELETE RESTRICT ON UPDATE RESTRICT,
  CONSTRAINT `ACT_FK_IDL_PROCINST` FOREIGN KEY (`PROC_INST_ID_`) REFERENCES `act_ru_execution` (`ID_`) ON DELETE RESTRICT ON UPDATE RESTRICT,
  CONSTRAINT `ACT_FK_TSKASS_TASK` FOREIGN KEY (`TASK_ID_`) REFERENCES `act_ru_task` (`ID_`) ON DELETE RESTRICT ON UPDATE RESTRICT
) ENGINE = InnoDB CHARACTER SET = utf8 COLLATE = utf8_bin ROW_FORMAT = Dynamic;

-- ----------------------------
-- Records of act_ru_identitylink
-- ----------------------------
INSERT INTO `act_ru_identitylink` VALUES ('02b25264-f00f-11ed-8fce-28cdc4143a0f', 1, NULL, 'participant', 'zhangsan', NULL, '02a5811f-f00f-11ed-8fce-28cdc4143a0f', NULL);
INSERT INTO `act_ru_identitylink` VALUES ('1c8f205f-f51a-11ed-a778-28cdc4143a0f', 1, NULL, 'participant', 'zhangsan', NULL, '1c827626-f51a-11ed-a778-28cdc4143a0f', NULL);
INSERT INTO `act_ru_identitylink` VALUES ('1e4615c5-effc-11ed-a37c-28cdc4143a0f', 1, NULL, 'participant', 'lisi', NULL, 'c1439b39-eff6-11ed-96ab-28cdc4143a0f', NULL);
INSERT INTO `act_ru_identitylink` VALUES ('6dec6606-f012-11ed-b646-28cdc4143a0f', 1, NULL, 'participant', 'lisi', NULL, '02a5811f-f00f-11ed-8fce-28cdc4143a0f', NULL);
INSERT INTO `act_ru_identitylink` VALUES ('83f672c4-f53d-11ed-a4c5-28cdc4143a0f', 1, NULL, 'participant', 'lisi', NULL, '1c827626-f51a-11ed-a778-28cdc4143a0f', NULL);
INSERT INTO `act_ru_identitylink` VALUES ('c154b23e-eff6-11ed-96ab-28cdc4143a0f', 1, NULL, 'participant', 'zhangsan', NULL, 'c1439b39-eff6-11ed-96ab-28cdc4143a0f', NULL);
INSERT INTO `act_ru_identitylink` VALUES ('f244a62e-f0dc-11ed-b541-28cdc4143a0f', 1, NULL, 'candidate', 'tom0.tom02', 'f243469d-f0dc-11ed-b541-28cdc4143a0f', NULL, NULL);
INSERT INTO `act_ru_identitylink` VALUES ('f2451b5f-f0dc-11ed-b541-28cdc4143a0f', 1, NULL, 'participant', 'tom0.tom02', NULL, 'f2384a19-f0dc-11ed-b541-28cdc4143a0f', NULL);

-- ----------------------------
-- Table structure for act_ru_integration
-- ----------------------------
DROP TABLE IF EXISTS `act_ru_integration`;
CREATE TABLE `act_ru_integration`  (
  `ID_` varchar(64) CHARACTER SET utf8 COLLATE utf8_bin NOT NULL,
  `EXECUTION_ID_` varchar(64) CHARACTER SET utf8 COLLATE utf8_bin NULL DEFAULT NULL,
  `PROCESS_INSTANCE_ID_` varchar(64) CHARACTER SET utf8 COLLATE utf8_bin NULL DEFAULT NULL,
  `PROC_DEF_ID_` varchar(64) CHARACTER SET utf8 COLLATE utf8_bin NULL DEFAULT NULL,
  `FLOW_NODE_ID_` varchar(64) CHARACTER SET utf8 COLLATE utf8_bin NULL DEFAULT NULL,
  `CREATED_DATE_` timestamp(3) NOT NULL DEFAULT CURRENT_TIMESTAMP(3) ON UPDATE CURRENT_TIMESTAMP(3),
  PRIMARY KEY (`ID_`) USING BTREE,
  INDEX `ACT_FK_INT_EXECUTION`(`EXECUTION_ID_`) USING BTREE,
  INDEX `ACT_FK_INT_PROC_INST`(`PROCESS_INSTANCE_ID_`) USING BTREE,
  INDEX `ACT_FK_INT_PROC_DEF`(`PROC_DEF_ID_`) USING BTREE,
  CONSTRAINT `ACT_FK_INT_EXECUTION` FOREIGN KEY (`EXECUTION_ID_`) REFERENCES `act_ru_execution` (`ID_`) ON DELETE CASCADE ON UPDATE RESTRICT,
  CONSTRAINT `ACT_FK_INT_PROC_DEF` FOREIGN KEY (`PROC_DEF_ID_`) REFERENCES `act_re_procdef` (`ID_`) ON DELETE RESTRICT ON UPDATE RESTRICT,
  CONSTRAINT `ACT_FK_INT_PROC_INST` FOREIGN KEY (`PROCESS_INSTANCE_ID_`) REFERENCES `act_ru_execution` (`ID_`) ON DELETE RESTRICT ON UPDATE RESTRICT
) ENGINE = InnoDB CHARACTER SET = utf8 COLLATE = utf8_bin ROW_FORMAT = Dynamic;

-- ----------------------------
-- Records of act_ru_integration
-- ----------------------------

-- ----------------------------
-- Table structure for act_ru_job
-- ----------------------------
DROP TABLE IF EXISTS `act_ru_job`;
CREATE TABLE `act_ru_job`  (
  `ID_` varchar(64) CHARACTER SET utf8 COLLATE utf8_bin NOT NULL,
  `REV_` int(11) NULL DEFAULT NULL,
  `TYPE_` varchar(255) CHARACTER SET utf8 COLLATE utf8_bin NOT NULL,
  `LOCK_EXP_TIME_` timestamp(3) NULL DEFAULT NULL,
  `LOCK_OWNER_` varchar(255) CHARACTER SET utf8 COLLATE utf8_bin NULL DEFAULT NULL,
  `EXCLUSIVE_` tinyint(1) NULL DEFAULT NULL,
  `EXECUTION_ID_` varchar(64) CHARACTER SET utf8 COLLATE utf8_bin NULL DEFAULT NULL,
  `PROCESS_INSTANCE_ID_` varchar(64) CHARACTER SET utf8 COLLATE utf8_bin NULL DEFAULT NULL,
  `PROC_DEF_ID_` varchar(64) CHARACTER SET utf8 COLLATE utf8_bin NULL DEFAULT NULL,
  `RETRIES_` int(11) NULL DEFAULT NULL,
  `EXCEPTION_STACK_ID_` varchar(64) CHARACTER SET utf8 COLLATE utf8_bin NULL DEFAULT NULL,
  `EXCEPTION_MSG_` varchar(4000) CHARACTER SET utf8 COLLATE utf8_bin NULL DEFAULT NULL,
  `DUEDATE_` timestamp(3) NULL DEFAULT NULL,
  `REPEAT_` varchar(255) CHARACTER SET utf8 COLLATE utf8_bin NULL DEFAULT NULL,
  `HANDLER_TYPE_` varchar(255) CHARACTER SET utf8 COLLATE utf8_bin NULL DEFAULT NULL,
  `HANDLER_CFG_` varchar(4000) CHARACTER SET utf8 COLLATE utf8_bin NULL DEFAULT NULL,
  `TENANT_ID_` varchar(255) CHARACTER SET utf8 COLLATE utf8_bin NULL DEFAULT '',
  PRIMARY KEY (`ID_`) USING BTREE,
  INDEX `ACT_FK_JOB_EXECUTION`(`EXECUTION_ID_`) USING BTREE,
  INDEX `ACT_FK_JOB_PROCESS_INSTANCE`(`PROCESS_INSTANCE_ID_`) USING BTREE,
  INDEX `ACT_FK_JOB_PROC_DEF`(`PROC_DEF_ID_`) USING BTREE,
  INDEX `ACT_FK_JOB_EXCEPTION`(`EXCEPTION_STACK_ID_`) USING BTREE,
  CONSTRAINT `ACT_FK_JOB_EXCEPTION` FOREIGN KEY (`EXCEPTION_STACK_ID_`) REFERENCES `act_ge_bytearray` (`ID_`) ON DELETE RESTRICT ON UPDATE RESTRICT,
  CONSTRAINT `ACT_FK_JOB_EXECUTION` FOREIGN KEY (`EXECUTION_ID_`) REFERENCES `act_ru_execution` (`ID_`) ON DELETE RESTRICT ON UPDATE RESTRICT,
  CONSTRAINT `ACT_FK_JOB_PROCESS_INSTANCE` FOREIGN KEY (`PROCESS_INSTANCE_ID_`) REFERENCES `act_ru_execution` (`ID_`) ON DELETE RESTRICT ON UPDATE RESTRICT,
  CONSTRAINT `ACT_FK_JOB_PROC_DEF` FOREIGN KEY (`PROC_DEF_ID_`) REFERENCES `act_re_procdef` (`ID_`) ON DELETE RESTRICT ON UPDATE RESTRICT
) ENGINE = InnoDB CHARACTER SET = utf8 COLLATE = utf8_bin ROW_FORMAT = Dynamic;

-- ----------------------------
-- Records of act_ru_job
-- ----------------------------

-- ----------------------------
-- Table structure for act_ru_suspended_job
-- ----------------------------
DROP TABLE IF EXISTS `act_ru_suspended_job`;
CREATE TABLE `act_ru_suspended_job`  (
  `ID_` varchar(64) CHARACTER SET utf8 COLLATE utf8_bin NOT NULL,
  `REV_` int(11) NULL DEFAULT NULL,
  `TYPE_` varchar(255) CHARACTER SET utf8 COLLATE utf8_bin NOT NULL,
  `EXCLUSIVE_` tinyint(1) NULL DEFAULT NULL,
  `EXECUTION_ID_` varchar(64) CHARACTER SET utf8 COLLATE utf8_bin NULL DEFAULT NULL,
  `PROCESS_INSTANCE_ID_` varchar(64) CHARACTER SET utf8 COLLATE utf8_bin NULL DEFAULT NULL,
  `PROC_DEF_ID_` varchar(64) CHARACTER SET utf8 COLLATE utf8_bin NULL DEFAULT NULL,
  `RETRIES_` int(11) NULL DEFAULT NULL,
  `EXCEPTION_STACK_ID_` varchar(64) CHARACTER SET utf8 COLLATE utf8_bin NULL DEFAULT NULL,
  `EXCEPTION_MSG_` varchar(4000) CHARACTER SET utf8 COLLATE utf8_bin NULL DEFAULT NULL,
  `DUEDATE_` timestamp(3) NULL DEFAULT NULL,
  `REPEAT_` varchar(255) CHARACTER SET utf8 COLLATE utf8_bin NULL DEFAULT NULL,
  `HANDLER_TYPE_` varchar(255) CHARACTER SET utf8 COLLATE utf8_bin NULL DEFAULT NULL,
  `HANDLER_CFG_` varchar(4000) CHARACTER SET utf8 COLLATE utf8_bin NULL DEFAULT NULL,
  `TENANT_ID_` varchar(255) CHARACTER SET utf8 COLLATE utf8_bin NULL DEFAULT '',
  PRIMARY KEY (`ID_`) USING BTREE,
  INDEX `ACT_FK_SUSPENDED_JOB_EXECUTION`(`EXECUTION_ID_`) USING BTREE,
  INDEX `ACT_FK_SUSPENDED_JOB_PROCESS_INSTANCE`(`PROCESS_INSTANCE_ID_`) USING BTREE,
  INDEX `ACT_FK_SUSPENDED_JOB_PROC_DEF`(`PROC_DEF_ID_`) USING BTREE,
  INDEX `ACT_FK_SUSPENDED_JOB_EXCEPTION`(`EXCEPTION_STACK_ID_`) USING BTREE,
  CONSTRAINT `ACT_FK_SUSPENDED_JOB_EXCEPTION` FOREIGN KEY (`EXCEPTION_STACK_ID_`) REFERENCES `act_ge_bytearray` (`ID_`) ON DELETE RESTRICT ON UPDATE RESTRICT,
  CONSTRAINT `ACT_FK_SUSPENDED_JOB_EXECUTION` FOREIGN KEY (`EXECUTION_ID_`) REFERENCES `act_ru_execution` (`ID_`) ON DELETE RESTRICT ON UPDATE RESTRICT,
  CONSTRAINT `ACT_FK_SUSPENDED_JOB_PROCESS_INSTANCE` FOREIGN KEY (`PROCESS_INSTANCE_ID_`) REFERENCES `act_ru_execution` (`ID_`) ON DELETE RESTRICT ON UPDATE RESTRICT,
  CONSTRAINT `ACT_FK_SUSPENDED_JOB_PROC_DEF` FOREIGN KEY (`PROC_DEF_ID_`) REFERENCES `act_re_procdef` (`ID_`) ON DELETE RESTRICT ON UPDATE RESTRICT
) ENGINE = InnoDB CHARACTER SET = utf8 COLLATE = utf8_bin ROW_FORMAT = Dynamic;

-- ----------------------------
-- Records of act_ru_suspended_job
-- ----------------------------

-- ----------------------------
-- Table structure for act_ru_task
-- ----------------------------
DROP TABLE IF EXISTS `act_ru_task`;
CREATE TABLE `act_ru_task`  (
  `ID_` varchar(64) CHARACTER SET utf8 COLLATE utf8_bin NOT NULL,
  `REV_` int(11) NULL DEFAULT NULL,
  `EXECUTION_ID_` varchar(64) CHARACTER SET utf8 COLLATE utf8_bin NULL DEFAULT NULL,
  `PROC_INST_ID_` varchar(64) CHARACTER SET utf8 COLLATE utf8_bin NULL DEFAULT NULL,
  `PROC_DEF_ID_` varchar(64) CHARACTER SET utf8 COLLATE utf8_bin NULL DEFAULT NULL,
  `NAME_` varchar(255) CHARACTER SET utf8 COLLATE utf8_bin NULL DEFAULT NULL,
  `BUSINESS_KEY_` varchar(255) CHARACTER SET utf8 COLLATE utf8_bin NULL DEFAULT NULL,
  `PARENT_TASK_ID_` varchar(64) CHARACTER SET utf8 COLLATE utf8_bin NULL DEFAULT NULL,
  `DESCRIPTION_` varchar(4000) CHARACTER SET utf8 COLLATE utf8_bin NULL DEFAULT NULL,
  `TASK_DEF_KEY_` varchar(255) CHARACTER SET utf8 COLLATE utf8_bin NULL DEFAULT NULL,
  `OWNER_` varchar(255) CHARACTER SET utf8 COLLATE utf8_bin NULL DEFAULT NULL,
  `ASSIGNEE_` varchar(255) CHARACTER SET utf8 COLLATE utf8_bin NULL DEFAULT NULL,
  `DELEGATION_` varchar(64) CHARACTER SET utf8 COLLATE utf8_bin NULL DEFAULT NULL,
  `PRIORITY_` int(11) NULL DEFAULT NULL,
  `CREATE_TIME_` timestamp(3) NULL DEFAULT NULL,
  `DUE_DATE_` datetime(3) NULL DEFAULT NULL,
  `CATEGORY_` varchar(255) CHARACTER SET utf8 COLLATE utf8_bin NULL DEFAULT NULL,
  `SUSPENSION_STATE_` int(11) NULL DEFAULT NULL,
  `TENANT_ID_` varchar(255) CHARACTER SET utf8 COLLATE utf8_bin NULL DEFAULT '',
  `FORM_KEY_` varchar(255) CHARACTER SET utf8 COLLATE utf8_bin NULL DEFAULT NULL,
  `CLAIM_TIME_` datetime(3) NULL DEFAULT NULL,
  `APP_VERSION_` int(11) NULL DEFAULT NULL,
  PRIMARY KEY (`ID_`) USING BTREE,
  INDEX `ACT_IDX_TASK_CREATE`(`CREATE_TIME_`) USING BTREE,
  INDEX `ACT_FK_TASK_EXE`(`EXECUTION_ID_`) USING BTREE,
  INDEX `ACT_FK_TASK_PROCINST`(`PROC_INST_ID_`) USING BTREE,
  INDEX `ACT_FK_TASK_PROCDEF`(`PROC_DEF_ID_`) USING BTREE,
  CONSTRAINT `ACT_FK_TASK_EXE` FOREIGN KEY (`EXECUTION_ID_`) REFERENCES `act_ru_execution` (`ID_`) ON DELETE RESTRICT ON UPDATE RESTRICT,
  CONSTRAINT `ACT_FK_TASK_PROCDEF` FOREIGN KEY (`PROC_DEF_ID_`) REFERENCES `act_re_procdef` (`ID_`) ON DELETE RESTRICT ON UPDATE RESTRICT,
  CONSTRAINT `ACT_FK_TASK_PROCINST` FOREIGN KEY (`PROC_INST_ID_`) REFERENCES `act_ru_execution` (`ID_`) ON DELETE RESTRICT ON UPDATE RESTRICT
) ENGINE = InnoDB CHARACTER SET = utf8 COLLATE = utf8_bin ROW_FORMAT = Dynamic;

-- ----------------------------
-- Records of act_ru_task
-- ----------------------------
INSERT INTO `act_ru_task` VALUES ('1e444104-effc-11ed-a37c-28cdc4143a0f', 2, 'c144faca-eff6-11ed-96ab-28cdc4143a0f', 'c1439b39-eff6-11ed-96ab-28cdc4143a0f', 'qingjia:1:dd7fe88a-eff0-11ed-b9a0-28cdc4143a0f', '', NULL, NULL, NULL, 'sid-8BA70999-C9AC-4D02-AF0E-D7AA7F0B67B7', NULL, 'lisi', NULL, 50, '2023-05-11 21:02:43.642', NULL, NULL, 2, '', NULL, NULL, NULL);
INSERT INTO `act_ru_task` VALUES ('6deadf65-f012-11ed-b646-28cdc4143a0f', 1, '02a61d60-f00f-11ed-8fce-28cdc4143a0f', '02a5811f-f00f-11ed-8fce-28cdc4143a0f', 'qingjia:1:dd7fe88a-eff0-11ed-b9a0-28cdc4143a0f', '', '1001', NULL, NULL, 'sid-8BA70999-C9AC-4D02-AF0E-D7AA7F0B67B7', NULL, 'lisi', NULL, 50, '2023-05-11 23:42:26.202', NULL, NULL, 1, '', NULL, NULL, NULL);
INSERT INTO `act_ru_task` VALUES ('83f401c1-f53d-11ed-a4c5-28cdc4143a0f', 1, '1c850e39-f51a-11ed-a778-28cdc4143a0f', '1c827626-f51a-11ed-a778-28cdc4143a0f', 'qingjia01:1:e74db415-f519-11ed-a778-28cdc4143a0f', '', '13', NULL, NULL, 'sid-8BA70999-C9AC-4D02-AF0E-D7AA7F0B67B7', NULL, 'lisi', NULL, 50, '2023-05-18 13:33:27.344', NULL, NULL, 1, '', NULL, NULL, NULL);
INSERT INTO `act_ru_task` VALUES ('f243469d-f0dc-11ed-b541-28cdc4143a0f', 1, 'f239347a-f0dc-11ed-b541-28cdc4143a0f', 'f2384a19-f0dc-11ed-b541-28cdc4143a0f', 'jiaban04:1:d38910fc-f0dc-11ed-b1f7-28cdc4143a0f', '', NULL, NULL, NULL, 'sid-EF4DB345-F7B2-448D-99E9-41A7D46189A0', NULL, NULL, NULL, 50, '2023-05-12 23:52:06.591', NULL, NULL, 1, '', NULL, NULL, NULL);

-- ----------------------------
-- Table structure for act_ru_timer_job
-- ----------------------------
DROP TABLE IF EXISTS `act_ru_timer_job`;
CREATE TABLE `act_ru_timer_job`  (
  `ID_` varchar(64) CHARACTER SET utf8 COLLATE utf8_bin NOT NULL,
  `REV_` int(11) NULL DEFAULT NULL,
  `TYPE_` varchar(255) CHARACTER SET utf8 COLLATE utf8_bin NOT NULL,
  `LOCK_EXP_TIME_` timestamp(3) NULL DEFAULT NULL,
  `LOCK_OWNER_` varchar(255) CHARACTER SET utf8 COLLATE utf8_bin NULL DEFAULT NULL,
  `EXCLUSIVE_` tinyint(1) NULL DEFAULT NULL,
  `EXECUTION_ID_` varchar(64) CHARACTER SET utf8 COLLATE utf8_bin NULL DEFAULT NULL,
  `PROCESS_INSTANCE_ID_` varchar(64) CHARACTER SET utf8 COLLATE utf8_bin NULL DEFAULT NULL,
  `PROC_DEF_ID_` varchar(64) CHARACTER SET utf8 COLLATE utf8_bin NULL DEFAULT NULL,
  `RETRIES_` int(11) NULL DEFAULT NULL,
  `EXCEPTION_STACK_ID_` varchar(64) CHARACTER SET utf8 COLLATE utf8_bin NULL DEFAULT NULL,
  `EXCEPTION_MSG_` varchar(4000) CHARACTER SET utf8 COLLATE utf8_bin NULL DEFAULT NULL,
  `DUEDATE_` timestamp(3) NULL DEFAULT NULL,
  `REPEAT_` varchar(255) CHARACTER SET utf8 COLLATE utf8_bin NULL DEFAULT NULL,
  `HANDLER_TYPE_` varchar(255) CHARACTER SET utf8 COLLATE utf8_bin NULL DEFAULT NULL,
  `HANDLER_CFG_` varchar(4000) CHARACTER SET utf8 COLLATE utf8_bin NULL DEFAULT NULL,
  `TENANT_ID_` varchar(255) CHARACTER SET utf8 COLLATE utf8_bin NULL DEFAULT '',
  PRIMARY KEY (`ID_`) USING BTREE,
  INDEX `ACT_FK_TIMER_JOB_EXECUTION`(`EXECUTION_ID_`) USING BTREE,
  INDEX `ACT_FK_TIMER_JOB_PROCESS_INSTANCE`(`PROCESS_INSTANCE_ID_`) USING BTREE,
  INDEX `ACT_FK_TIMER_JOB_PROC_DEF`(`PROC_DEF_ID_`) USING BTREE,
  INDEX `ACT_FK_TIMER_JOB_EXCEPTION`(`EXCEPTION_STACK_ID_`) USING BTREE,
  CONSTRAINT `ACT_FK_TIMER_JOB_EXCEPTION` FOREIGN KEY (`EXCEPTION_STACK_ID_`) REFERENCES `act_ge_bytearray` (`ID_`) ON DELETE RESTRICT ON UPDATE RESTRICT,
  CONSTRAINT `ACT_FK_TIMER_JOB_EXECUTION` FOREIGN KEY (`EXECUTION_ID_`) REFERENCES `act_ru_execution` (`ID_`) ON DELETE RESTRICT ON UPDATE RESTRICT,
  CONSTRAINT `ACT_FK_TIMER_JOB_PROCESS_INSTANCE` FOREIGN KEY (`PROCESS_INSTANCE_ID_`) REFERENCES `act_ru_execution` (`ID_`) ON DELETE RESTRICT ON UPDATE RESTRICT,
  CONSTRAINT `ACT_FK_TIMER_JOB_PROC_DEF` FOREIGN KEY (`PROC_DEF_ID_`) REFERENCES `act_re_procdef` (`ID_`) ON DELETE RESTRICT ON UPDATE RESTRICT
) ENGINE = InnoDB CHARACTER SET = utf8 COLLATE = utf8_bin ROW_FORMAT = Dynamic;

-- ----------------------------
-- Records of act_ru_timer_job
-- ----------------------------

-- ----------------------------
-- Table structure for act_ru_variable
-- ----------------------------
DROP TABLE IF EXISTS `act_ru_variable`;
CREATE TABLE `act_ru_variable`  (
  `ID_` varchar(64) CHARACTER SET utf8 COLLATE utf8_bin NOT NULL,
  `REV_` int(11) NULL DEFAULT NULL,
  `TYPE_` varchar(255) CHARACTER SET utf8 COLLATE utf8_bin NOT NULL,
  `NAME_` varchar(255) CHARACTER SET utf8 COLLATE utf8_bin NOT NULL,
  `EXECUTION_ID_` varchar(64) CHARACTER SET utf8 COLLATE utf8_bin NULL DEFAULT NULL,
  `PROC_INST_ID_` varchar(64) CHARACTER SET utf8 COLLATE utf8_bin NULL DEFAULT NULL,
  `TASK_ID_` varchar(64) CHARACTER SET utf8 COLLATE utf8_bin NULL DEFAULT NULL,
  `BYTEARRAY_ID_` varchar(64) CHARACTER SET utf8 COLLATE utf8_bin NULL DEFAULT NULL,
  `DOUBLE_` double NULL DEFAULT NULL,
  `LONG_` bigint(20) NULL DEFAULT NULL,
  `TEXT_` varchar(4000) CHARACTER SET utf8 COLLATE utf8_bin NULL DEFAULT NULL,
  `TEXT2_` varchar(4000) CHARACTER SET utf8 COLLATE utf8_bin NULL DEFAULT NULL,
  PRIMARY KEY (`ID_`) USING BTREE,
  INDEX `ACT_IDX_VARIABLE_TASK_ID`(`TASK_ID_`) USING BTREE,
  INDEX `ACT_FK_VAR_EXE`(`EXECUTION_ID_`) USING BTREE,
  INDEX `ACT_FK_VAR_PROCINST`(`PROC_INST_ID_`) USING BTREE,
  INDEX `ACT_FK_VAR_BYTEARRAY`(`BYTEARRAY_ID_`) USING BTREE,
  CONSTRAINT `ACT_FK_VAR_BYTEARRAY` FOREIGN KEY (`BYTEARRAY_ID_`) REFERENCES `act_ge_bytearray` (`ID_`) ON DELETE RESTRICT ON UPDATE RESTRICT,
  CONSTRAINT `ACT_FK_VAR_EXE` FOREIGN KEY (`EXECUTION_ID_`) REFERENCES `act_ru_execution` (`ID_`) ON DELETE RESTRICT ON UPDATE RESTRICT,
  CONSTRAINT `ACT_FK_VAR_PROCINST` FOREIGN KEY (`PROC_INST_ID_`) REFERENCES `act_ru_execution` (`ID_`) ON DELETE RESTRICT ON UPDATE RESTRICT
) ENGINE = InnoDB CHARACTER SET = utf8 COLLATE = utf8_bin ROW_FORMAT = Dynamic;

-- ----------------------------
-- Records of act_ru_variable
-- ----------------------------
INSERT INTO `act_ru_variable` VALUES ('1c844ae7-f51a-11ed-a778-28cdc4143a0f', 2, 'json', 'data', '1c827626-f51a-11ed-a778-28cdc4143a0f', '1c827626-f51a-11ed-a778-28cdc4143a0f', NULL, NULL, NULL, NULL, '{\"Fs8l5yxwf8sgb\":\"2023-05-20\",\"Fs9n5yxwf8k7u\":\"2023-05-19\",\"Ful05yxwf8ac7\":\"test\",\"Fwdm1npf08iej2\":\"test\"}', 'java.util.LinkedHashMap');
INSERT INTO `act_ru_variable` VALUES ('83f56152-f53d-11ed-a4c5-28cdc4143a0f', 1, 'json', 'data', '1c850e39-f51a-11ed-a778-28cdc4143a0f', '1c827626-f51a-11ed-a778-28cdc4143a0f', '83f401c1-f53d-11ed-a4c5-28cdc4143a0f', NULL, NULL, NULL, '{\"Fs8l5yxwf8sgb\":\"2023-05-20\",\"Fs9n5yxwf8k7u\":\"2023-05-19\",\"Ful05yxwf8ac7\":\"test\",\"Fwdm1npf08iej2\":\"test\"}', 'java.util.LinkedHashMap');

-- ----------------------------
-- Table structure for oa_process
-- ----------------------------
DROP TABLE IF EXISTS `oa_process`;
CREATE TABLE `oa_process`  (
  `id` bigint(20) NOT NULL AUTO_INCREMENT COMMENT 'id',
  `process_code` varchar(50) CHARACTER SET utf8 COLLATE utf8_general_ci NOT NULL DEFAULT '' COMMENT 'code',
  `user_id` bigint(1) NOT NULL DEFAULT 0 COMMENT 'id',
  `process_template_id` bigint(20) NULL DEFAULT NULL COMMENT 'id',
  `process_type_id` bigint(20) NULL DEFAULT NULL COMMENT 'id',
  `title` varchar(255) CHARACTER SET utf8 COLLATE utf8_general_ci NULL DEFAULT NULL COMMENT '',
  `description` varchar(255) CHARACTER SET utf8 COLLATE utf8_general_ci NULL DEFAULT NULL COMMENT '',
  `form_values` text CHARACTER SET utf8 COLLATE utf8_general_ci NULL COMMENT '',
  `process_instance_id` varchar(255) CHARACTER SET utf8 COLLATE utf8_general_ci NULL DEFAULT NULL COMMENT 'id',
  `current_auditor` varchar(255) CHARACTER SET utf8 COLLATE utf8_general_ci NULL DEFAULT NULL COMMENT '',
  `status` tinyint(3) NULL DEFAULT NULL COMMENT '0 1 2 -1',
  `create_time` timestamp NOT NULL DEFAULT CURRENT_TIMESTAMP COMMENT '',
  `update_time` timestamp NOT NULL DEFAULT CURRENT_TIMESTAMP ON UPDATE CURRENT_TIMESTAMP COMMENT '',
  `is_deleted` tinyint(3) NOT NULL DEFAULT 0 COMMENT '0: 1:',
  PRIMARY KEY (`id`) USING BTREE
) ENGINE = InnoDB AUTO_INCREMENT = 14 CHARACTER SET = utf8 COLLATE = utf8_general_ci COMMENT = '' ROW_FORMAT = Dynamic;

-- ----------------------------
-- Records of oa_process
-- ----------------------------
INSERT INTO `oa_process` VALUES (1, '100', 4, 1, 1, '', NULL, NULL, NULL, NULL, NULL, '2023-05-14 09:43:08', '2023-05-14 09:43:08', 0);
INSERT INTO `oa_process` VALUES (2, '101', 5, 2, 2, '', NULL, NULL, NULL, NULL, NULL, '2023-05-14 09:43:27', '2023-05-14 09:43:27', 0);
INSERT INTO `oa_process` VALUES (3, '102', 6, 3, 3, '', NULL, NULL, NULL, NULL, NULL, '2023-05-14 09:43:51', '2023-05-14 09:43:51', 0);
INSERT INTO `oa_process` VALUES (13, '1684372801430', 1, 10, 2, 'admin01', '', '{\"formData\":{\"Ful05yxwf8ac7\":\"test\",\"Fs9n5yxwf8k7u\":\"2023-05-19\",\"Fs8l5yxwf8sgb\":\"2023-05-20\",\"Fwdm1npf08iej2\":\"test\"},\"formShowData\":{\"\":\"test\",\"\":\"2023-05-20\"}}', '1c827626-f51a-11ed-a778-28cdc4143a0f', NULL, 1, '2023-05-18 09:20:01', '2023-05-18 09:20:01', 0);

-- ----------------------------
-- Table structure for oa_process_record
-- ----------------------------
DROP TABLE IF EXISTS `oa_process_record`;
CREATE TABLE `oa_process_record`  (
  `id` bigint(20) NOT NULL AUTO_INCREMENT COMMENT 'id',
  `process_id` bigint(20) NOT NULL DEFAULT 0 COMMENT 'id',
  `description` varchar(255) CHARACTER SET utf8 COLLATE utf8_general_ci NULL DEFAULT NULL COMMENT '',
  `status` tinyint(3) NULL DEFAULT 0 COMMENT '',
  `operate_user_id` bigint(20) NOT NULL DEFAULT 0 COMMENT 'id',
  `operate_user` varchar(20) CHARACTER SET utf8 COLLATE utf8_general_ci NULL DEFAULT NULL COMMENT '',
  `create_time` timestamp NOT NULL DEFAULT CURRENT_TIMESTAMP COMMENT '',
  `update_time` timestamp NOT NULL DEFAULT CURRENT_TIMESTAMP ON UPDATE CURRENT_TIMESTAMP COMMENT '',
  `is_deleted` tinyint(3) NOT NULL DEFAULT 0 COMMENT '0: 1:',
  PRIMARY KEY (`id`) USING BTREE
) ENGINE = InnoDB AUTO_INCREMENT = 4 CHARACTER SET = utf8 COLLATE = utf8_general_ci COMMENT = '' ROW_FORMAT = Dynamic;

-- ----------------------------
-- Records of oa_process_record
-- ----------------------------
INSERT INTO `oa_process_record` VALUES (1, 1, '', 1, 4, '', '2022-12-22 11:15:33', '2022-12-22 11:15:33', 0);
INSERT INTO `oa_process_record` VALUES (2, 13, '', 1, 1, 'admin', '2023-05-18 09:20:01', '2023-05-18 09:20:01', 0);
INSERT INTO `oa_process_record` VALUES (3, 13, '', 1, 7, '', '2023-05-18 13:33:27', '2023-05-18 13:33:27', 0);

-- ----------------------------
-- Table structure for oa_process_template
-- ----------------------------
DROP TABLE IF EXISTS `oa_process_template`;
CREATE TABLE `oa_process_template`  (
  `id` bigint(20) NOT NULL AUTO_INCREMENT COMMENT 'id',
  `name` varchar(20) CHARACTER SET utf8 COLLATE utf8_general_ci NOT NULL DEFAULT '' COMMENT '',
  `icon_url` varchar(100) CHARACTER SET utf8 COLLATE utf8_general_ci NULL DEFAULT NULL COMMENT '',
  `process_type_id` varchar(255) CHARACTER SET utf8 COLLATE utf8_general_ci NULL DEFAULT NULL,
  `form_props` text CHARACTER SET utf8 COLLATE utf8_general_ci NULL COMMENT '',
  `form_options` text CHARACTER SET utf8 COLLATE utf8_general_ci NULL COMMENT '',
  `process_definition_key` varchar(20) CHARACTER SET utf8 COLLATE utf8_general_ci NULL DEFAULT NULL COMMENT 'key',
  `process_definition_path` varchar(255) CHARACTER SET utf8 COLLATE utf8_general_ci NULL DEFAULT NULL COMMENT '',
  `process_model_id` varchar(255) CHARACTER SET utf8 COLLATE utf8_general_ci NULL DEFAULT NULL COMMENT 'id',
  `description` varchar(255) CHARACTER SET utf8 COLLATE utf8_general_ci NULL DEFAULT NULL COMMENT '',
  `status` tinyint(3) NOT NULL DEFAULT 0,
  `create_time` timestamp NOT NULL DEFAULT CURRENT_TIMESTAMP COMMENT '',
  `update_time` timestamp NOT NULL DEFAULT CURRENT_TIMESTAMP ON UPDATE CURRENT_TIMESTAMP COMMENT '',
  `is_deleted` tinyint(3) NOT NULL DEFAULT 0 COMMENT '0: 1:',
  PRIMARY KEY (`id`) USING BTREE
) ENGINE = InnoDB AUTO_INCREMENT = 11 CHARACTER SET = utf8 COLLATE = utf8_general_ci COMMENT = '' ROW_FORMAT = Dynamic;

-- ----------------------------
-- Records of oa_process_template
-- ----------------------------
INSERT INTO `oa_process_template` VALUES (1, '', 'https://gw.alicdn.com/tfs/TB1bHOWCSzqK1RjSZFjXXblCFXa-112-112.png', '1', '[{\"type\":\"datePicker\",\"field\":\"sdate\",\"title\":\"\",\"info\":\"\",\"_fc_drag_tag\":\"datePicker\",\"hidden\":false,\"display\":true,\"validate\":[{\"trigger\":\"change\",\"mode\":\"required\",\"message\":\"\",\"required\":true,\"type\":\"string\"}]},{\"type\":\"datePicker\",\"field\":\"edate\",\"title\":\"\",\"info\":\"\",\"_fc_drag_tag\":\"datePicker\",\"hidden\":false,\"display\":true,\"validate\":[{\"trigger\":\"change\",\"mode\":\"required\",\"message\":\"\",\"required\":true,\"type\":\"string\"}]},{\"type\":\"input\",\"field\":\"day\",\"title\":\"\",\"info\":\"\",\"_fc_drag_tag\":\"input\",\"hidden\":false,\"display\":true,\"validate\":[{\"trigger\":\"change\",\"mode\":\"required\",\"message\":\"\",\"required\":true,\"type\":\"string\"}]},{\"type\":\"input\",\"field\":\"reason\",\"title\":\"\",\"info\":\"\",\"props\":{\"type\":\"textarea\",\"rows\":4},\"_fc_drag_tag\":\"input\",\"hidden\":false,\"display\":true,\"validate\":[{\"trigger\":\"change\",\"mode\":\"required\",\"message\":\"\",\"required\":true,\"type\":\"string\"}]},{\"type\":\"select\",\"field\":\"dept\",\"title\":\"\",\"info\":\"\",\"effect\":{\"fetch\":\"\"},\"options\":[{\"value\":\"\",\"label\":\"\"},{\"value\":\"\",\"label\":\"\"},{\"label\":\"\",\"value\":\"\"},{\"label\":\"\",\"value\":\"\"}],\"_fc_drag_tag\":\"select\",\"hidden\":false,\"display\":true}]', '{\n    \"form\": {\n        \"labelPosition\": \"right\",\n        \"size\": \"medium\",\n        \"labelWidth\": \"80px\",\n        \"hideRequiredAsterisk\": false,\n        \"showMessage\": true,\n        \"inlineMessage\": false\n    },\n    \"submitBtn\": {\n                         \"innerText\":\" \",\n                        \"round\":true,\n                        \"width\": \"280px\",\n                        \"type\":\"primary\"\n                     },\n    \"resetBtn\": false\n}\n', 'jiaban', '', '', '', 1, '2022-12-07 14:33:51', '2022-12-27 09:12:58', 0);
INSERT INTO `oa_process_template` VALUES (2, '', 'https://gw.alicdn.com/imgextra/i3/O1CN01LLn0YV1LhBXs7T2iO_!!6000000001330-2-tps-120-120.png', '2', '[{\"type\":\"datePicker\",\"field\":\"sdate\",\"title\":\"\",\"info\":\"\",\"_fc_drag_tag\":\"datePicker\",\"hidden\":false,\"display\":true,\"validate\":[{\"trigger\":\"change\",\"mode\":\"required\",\"message\":\"\",\"required\":true,\"type\":\"string\"}]},{\"type\":\"datePicker\",\"field\":\"edate\",\"title\":\"\",\"info\":\"\",\"_fc_drag_tag\":\"datePicker\",\"hidden\":false,\"display\":true,\"validate\":[{\"trigger\":\"change\",\"mode\":\"required\",\"message\":\"\",\"required\":true,\"type\":\"string\"}]},{\"type\":\"input\",\"field\":\"day\",\"title\":\"\",\"info\":\"\",\"_fc_drag_tag\":\"input\",\"hidden\":false,\"display\":true,\"validate\":[{\"trigger\":\"change\",\"mode\":\"required\",\"message\":\"\",\"required\":true,\"type\":\"string\"}]},{\"type\":\"input\",\"field\":\"reason\",\"title\":\"\",\"info\":\"\",\"props\":{\"type\":\"textarea\",\"rows\":4},\"_fc_drag_tag\":\"input\",\"hidden\":false,\"display\":true,\"validate\":[{\"trigger\":\"change\",\"mode\":\"required\",\"message\":\"\",\"required\":true,\"type\":\"string\"}]},{\"type\":\"select\",\"field\":\"dept\",\"title\":\"\",\"info\":\"\",\"effect\":{\"fetch\":\"\"},\"options\":[{\"value\":\"\",\"label\":\"\"},{\"value\":\"\",\"label\":\"\"},{\"label\":\"\",\"value\":\"\"},{\"label\":\"\",\"value\":\"\"}],\"_fc_drag_tag\":\"select\",\"hidden\":false,\"display\":true}]', '{\n    \"form\": {\n        \"labelPosition\": \"right\",\n        \"size\": \"medium\",\n        \"labelWidth\": \"80px\",\n        \"hideRequiredAsterisk\": false,\n        \"showMessage\": true,\n        \"inlineMessage\": false\n    },\n    \"submitBtn\": {\n                         \"innerText\":\" \",\n                        \"round\":true,\n                        \"width\": \"280px\",\n                        \"type\":\"primary\"\n                     },\n    \"resetBtn\": false\n}\n', 'qingjia', '', '', '', 0, '2022-12-07 15:04:02', '2022-12-27 09:13:00', 0);
INSERT INTO `oa_process_template` VALUES (3, '', 'https://gw.alicdn.com/tfs/TB1e76lCOLaK1RjSZFxXXamPFXa-112-112.png', '3', '[{\"type\":\"datePicker\",\"field\":\"sdate\",\"title\":\"\",\"info\":\"\",\"_fc_drag_tag\":\"datePicker\",\"hidden\":false,\"display\":true,\"validate\":[{\"trigger\":\"change\",\"mode\":\"required\",\"message\":\"\",\"required\":true,\"type\":\"string\"}],\"props\":{\"format\":\"\"}},{\"type\":\"input\",\"field\":\"amount\",\"title\":\"\",\"info\":\"\",\"_fc_drag_tag\":\"input\",\"hidden\":false,\"display\":true,\"validate\":[{\"trigger\":\"change\",\"mode\":\"required\",\"message\":\"\",\"required\":true,\"type\":\"string\"}]},{\"type\":\"select\",\"field\":\"F0ma1n7tec860p\",\"title\":\"\",\"info\":\"\",\"effect\":{\"fetch\":\"\"},\"options\":[{\"value\":\"\",\"label\":\"\"},{\"value\":\"\",\"label\":\"\"},{\"label\":\"\",\"value\":\"\"},{\"label\":\"\",\"value\":\"\"},{\"label\":\"\",\"value\":\"\"},{\"label\":\"\",\"value\":\"\"},{\"label\":\"\",\"value\":\"\"}],\"_fc_drag_tag\":\"select\",\"hidden\":false,\"display\":true,\"validate\":[{\"trigger\":\"change\",\"mode\":\"required\",\"message\":\"\",\"required\":true,\"type\":\"string\"}]},{\"type\":\"input\",\"field\":\"reason\",\"title\":\"\",\"info\":\"\",\"props\":{\"type\":\"textarea\",\"rows\":4},\"_fc_drag_tag\":\"input\",\"hidden\":false,\"display\":true},{\"type\":\"select\",\"field\":\"dept\",\"title\":\"\",\"info\":\"\",\"effect\":{\"fetch\":\"\"},\"options\":[{\"value\":\"\",\"label\":\"\"},{\"value\":\"\",\"label\":\"\"},{\"label\":\"\",\"value\":\"\"},{\"label\":\"\",\"value\":\"\"}],\"_fc_drag_tag\":\"select\",\"hidden\":false,\"display\":true},{\"type\":\"input\",\"field\":\"content\",\"title\":\"\",\"info\":\"\",\"props\":{\"type\":\"textarea\",\"rows\":4},\"_fc_drag_tag\":\"input\",\"hidden\":false,\"display\":true,\"validate\":[{\"trigger\":\"change\",\"mode\":\"required\",\"message\":\"\",\"required\":true,\"type\":\"string\"}]},{\"type\":\"switch\",\"field\":\"F9hn1n7twlkcfk\",\"title\":\"\",\"info\":\"\",\"_fc_drag_tag\":\"switch\",\"hidden\":false,\"display\":true},{\"type\":\"span\",\"title\":\"\",\"native\":false,\"children\":[\"\"],\"_fc_drag_tag\":\"span\",\"hidden\":false,\"display\":true}]', ' ', 'feiyong', '', '', '', 0, '2022-12-08 10:35:33', '2022-12-26 21:00:01', 0);
INSERT INTO `oa_process_template` VALUES (9, '1', 'https://gw.alicdn.com/tfs/TB1bHOWCSzqK1RjSZFjXXblCFXa-112-112.png', '2', '[{\"type\":\"input\",\"field\":\"days\",\"title\":\"\",\"info\":\"\",\"$required\":false,\"_fc_drag_tag\":\"input\",\"hidden\":false,\"display\":true},{\"type\":\"datePicker\",\"field\":\"begin\",\"title\":\"\",\"info\":\"\",\"$required\":false,\"_fc_drag_tag\":\"datePicker\",\"hidden\":false,\"display\":true},{\"type\":\"datePicker\",\"field\":\"end\",\"title\":\"\",\"info\":\"\",\"$required\":false,\"_fc_drag_tag\":\"datePicker\",\"hidden\":false,\"display\":true},{\"type\":\"input\",\"field\":\"reson\",\"title\":\"\",\"info\":\"\",\"$required\":false,\"_fc_drag_tag\":\"input\",\"hidden\":false,\"display\":true}]', '{\"form\":{\"labelPosition\":\"right\",\"size\":\"mini\",\"labelWidth\":\"125px\",\"hideRequiredAsterisk\":false,\"showMessage\":true,\"inlineMessage\":false},\"submitBtn\":true,\"resetBtn\":false}', 'qingjia', 'processes/qingjia.zip', NULL, '1', 1, '2023-05-17 21:50:04', '2023-05-17 21:50:04', 0);
INSERT INTO `oa_process_template` VALUES (10, '01', 'https://gw.alicdn.com/tfs/TB1t695CFYqK1RjSZLeXXbXppXa-102-102.png', '2', '[{\"type\":\"input\",\"field\":\"Ful05yxwf8ac7\",\"title\":\"\",\"info\":\"\",\"$required\":false,\"_fc_drag_tag\":\"input\",\"hidden\":false,\"display\":true},{\"type\":\"datePicker\",\"field\":\"Fs9n5yxwf8k7u\",\"title\":\"\",\"info\":\"\",\"$required\":false,\"_fc_drag_tag\":\"datePicker\",\"hidden\":false,\"display\":true},{\"type\":\"datePicker\",\"field\":\"Fs8l5yxwf8sgb\",\"title\":\"\",\"info\":\"\",\"$required\":false,\"_fc_drag_tag\":\"datePicker\",\"hidden\":false,\"display\":true},{\"type\":\"input\",\"field\":\"Fwdm1npf08iej2\",\"title\":\"\",\"info\":\"\",\"$required\":false,\"_fc_drag_tag\":\"input\",\"hidden\":false,\"display\":true}]', '{\"form\":{\"labelPosition\":\"right\",\"size\":\"mini\",\"labelWidth\":\"125px\",\"hideRequiredAsterisk\":false,\"showMessage\":true,\"inlineMessage\":false},\"submitBtn\":true,\"resetBtn\":false}', 'qingjia01', 'processes/qingjia01.zip', NULL, '01', 1, '2023-05-18 09:17:05', '2023-05-18 09:17:05', 0);

-- ----------------------------
-- Table structure for oa_process_type
-- ----------------------------
DROP TABLE IF EXISTS `oa_process_type`;
CREATE TABLE `oa_process_type`  (
  `id` bigint(20) NOT NULL AUTO_INCREMENT COMMENT 'id',
  `name` varchar(20) CHARACTER SET utf8 COLLATE utf8_general_ci NOT NULL DEFAULT '' COMMENT '',
  `description` varchar(255) CHARACTER SET utf8 COLLATE utf8_general_ci NULL DEFAULT NULL COMMENT '',
  `create_time` timestamp NOT NULL DEFAULT CURRENT_TIMESTAMP COMMENT '',
  `update_time` timestamp NOT NULL DEFAULT CURRENT_TIMESTAMP ON UPDATE CURRENT_TIMESTAMP COMMENT '',
  `is_deleted` tinyint(3) NOT NULL DEFAULT 0 COMMENT '0: 1:',
  PRIMARY KEY (`id`) USING BTREE
) ENGINE = InnoDB AUTO_INCREMENT = 5 CHARACTER SET = utf8 COLLATE = utf8_general_ci COMMENT = '' ROW_FORMAT = Dynamic;

-- ----------------------------
-- Records of oa_process_type
-- ----------------------------
INSERT INTO `oa_process_type` VALUES (1, '', '', '2022-12-06 09:35:12', '2022-12-06 09:36:13', 0);
INSERT INTO `oa_process_type` VALUES (2, '', '', '2022-12-06 09:35:19', '2022-12-06 09:36:16', 0);
INSERT INTO `oa_process_type` VALUES (3, '', '', '2022-12-06 09:35:29', '2022-12-06 09:36:17', 0);

-- ----------------------------
-- Table structure for sys_dept
-- ----------------------------
DROP TABLE IF EXISTS `sys_dept`;
CREATE TABLE `sys_dept`  (
  `id` bigint(20) NOT NULL AUTO_INCREMENT,
  `name` varchar(50) CHARACTER SET utf8mb4 COLLATE utf8mb4_general_ci NOT NULL DEFAULT '' COMMENT '',
  `parent_id` bigint(20) NULL DEFAULT 0 COMMENT 'id',
  `tree_path` varchar(255) CHARACTER SET utf8mb4 COLLATE utf8mb4_general_ci NULL DEFAULT ',' COMMENT '',
  `sort_value` int(11) NULL DEFAULT 1 COMMENT '',
  `leader` varchar(20) CHARACTER SET utf8mb4 COLLATE utf8mb4_general_ci NULL DEFAULT NULL COMMENT '',
  `phone` varchar(11) CHARACTER SET utf8mb4 COLLATE utf8mb4_general_ci NULL DEFAULT NULL COMMENT '',
  `status` tinyint(1) NULL DEFAULT 1 COMMENT '1 0',
  `create_time` timestamp NOT NULL DEFAULT CURRENT_TIMESTAMP ON UPDATE CURRENT_TIMESTAMP,
  `update_time` timestamp NULL DEFAULT NULL ON UPDATE CURRENT_TIMESTAMP,
  `is_deleted` tinyint(3) NOT NULL DEFAULT 0 COMMENT '0: 1:',
  PRIMARY KEY (`id`) USING BTREE
) ENGINE = InnoDB AUTO_INCREMENT = 2019 CHARACTER SET = utf8mb4 COLLATE = utf8mb4_general_ci COMMENT = '' ROW_FORMAT = COMPACT;

-- ----------------------------
-- Records of sys_dept
-- ----------------------------
INSERT INTO `sys_dept` VALUES (1, '', 0, ',1,', 1, '', '15659090912', 1, '2022-05-24 16:13:13', '2022-05-24 16:13:13', 0);
INSERT INTO `sys_dept` VALUES (10, '', 1, ',1,10,', 1, '', '18790007789', 1, '2022-05-24 16:13:15', '2022-05-24 16:13:15', 0);
INSERT INTO `sys_dept` VALUES (20, '', 1, ',1,20,', 1, '', '15090987678', 1, '2022-05-25 14:02:25', '2022-05-25 14:02:25', 0);
INSERT INTO `sys_dept` VALUES (30, '', 1, ',1,30,', 1, '', '15090987678', 1, '2022-05-25 14:02:24', '2022-05-25 14:02:24', 0);
INSERT INTO `sys_dept` VALUES (1010, '', 10, ',1,10,1010,', 1, '', '15090987678', 1, '2022-05-25 14:02:24', '2022-05-25 14:02:24', 0);
INSERT INTO `sys_dept` VALUES (1020, '', 10, ',1,10,1020,', 1, '', '15090987678', 1, '2022-05-25 14:02:29', '2022-05-25 14:02:29', 0);
INSERT INTO `sys_dept` VALUES (1021, 'Java', 1010, ',1,10,1010,1021,', 1, '', '15090987678', 1, '2022-05-24 16:13:31', '2022-05-24 16:13:31', 0);
INSERT INTO `sys_dept` VALUES (1022, '', 1010, ',1,10,1010,1022,', 1, '', '15090987678', 1, '2022-05-25 14:02:22', '2022-05-25 14:02:22', 0);
INSERT INTO `sys_dept` VALUES (1024, '', 1010, ',1,10,1010,1024,', 1, '', '15090987678', 1, '2022-05-25 14:02:22', '2022-05-25 14:02:22', 0);
INSERT INTO `sys_dept` VALUES (1025, '', 1020, ',1,10,1020,1025,', 1, '', '15090987678', 1, '2022-05-25 14:02:23', '2022-05-25 14:02:23', 0);
INSERT INTO `sys_dept` VALUES (1026, '', 1020, ',1,10,1020,1026,', 1, '30.607366', '15090987678', 1, '2022-05-25 14:02:26', '2022-05-25 14:02:26', 0);
INSERT INTO `sys_dept` VALUES (1027, '', 1020, ',1,10,1020,1027,', 1, '', '15090987678', 1, '2022-05-25 14:02:26', '2022-05-25 14:02:26', 0);
INSERT INTO `sys_dept` VALUES (1028, '', 1020, ',1,10,1020,1028,', 1, '', '15090987678', 1, '2022-05-25 14:02:27', '2022-05-25 14:02:27', 0);
INSERT INTO `sys_dept` VALUES (2012, '', 20, ',1,20,2012,', 1, '', '18909890765', 1, '2022-05-24 16:13:51', '2022-05-24 16:13:51', 0);
INSERT INTO `sys_dept` VALUES (2013, '', 30, ',1,30,2013,', 1, '', '18567867895', 1, '2022-05-24 16:13:50', '2022-05-24 16:13:50', 0);
INSERT INTO `sys_dept` VALUES (2016, 'Java', 2012, ',1,20,2012,2012,', 1, '', '15090909909', 1, '2022-05-25 10:51:12', '2022-05-25 10:51:12', 0);
INSERT INTO `sys_dept` VALUES (2017, '', 2012, ',1,20,2012,2012,', 1, '', '15090980989', 1, '2022-05-27 09:11:54', NULL, 0);
INSERT INTO `sys_dept` VALUES (2018, '', 1, ',1,1,', 1, '', '', 1, '2022-12-07 16:49:56', NULL, 0);

-- ----------------------------
-- Table structure for sys_login_log
-- ----------------------------
DROP TABLE IF EXISTS `sys_login_log`;
CREATE TABLE `sys_login_log`  (
  `id` bigint(20) NOT NULL AUTO_INCREMENT COMMENT 'ID',
  `username` varchar(50) CHARACTER SET utf8 COLLATE utf8_general_ci NULL DEFAULT '' COMMENT '',
  `ipaddr` varchar(128) CHARACTER SET utf8 COLLATE utf8_general_ci NULL DEFAULT '' COMMENT 'IP',
  `status` tinyint(1) NULL DEFAULT 0 COMMENT '0 1',
  `msg` varchar(255) CHARACTER SET utf8 COLLATE utf8_general_ci NULL DEFAULT '' COMMENT '',
  `access_time` datetime NULL DEFAULT NULL COMMENT '',
  `create_time` timestamp NOT NULL DEFAULT CURRENT_TIMESTAMP ON UPDATE CURRENT_TIMESTAMP,
  `update_time` timestamp NULL DEFAULT NULL ON UPDATE CURRENT_TIMESTAMP,
  `is_deleted` tinyint(3) NOT NULL DEFAULT 0 COMMENT '0: 1:',
  PRIMARY KEY (`id`) USING BTREE
) ENGINE = InnoDB AUTO_INCREMENT = 57 CHARACTER SET = utf8 COLLATE = utf8_general_ci COMMENT = '' ROW_FORMAT = Dynamic;

-- ----------------------------
-- Records of sys_login_log
-- ----------------------------
INSERT INTO `sys_login_log` VALUES (1, 'admin', '0:0:0:0:0:0:0:1', 1, '', NULL, '2022-06-10 11:24:14', NULL, 0);
INSERT INTO `sys_login_log` VALUES (2, 'admin', '127.0.0.1', 1, '', NULL, '2022-06-10 11:53:43', NULL, 0);
INSERT INTO `sys_login_log` VALUES (3, 'admin', '127.0.0.1', 1, '', NULL, '2022-12-01 09:22:43', NULL, 0);
INSERT INTO `sys_login_log` VALUES (4, 'admin', '127.0.0.1', 1, '', NULL, '2022-12-01 09:38:06', NULL, 0);
INSERT INTO `sys_login_log` VALUES (5, 'admin', '127.0.0.1', 1, '', NULL, '2022-12-01 10:24:16', NULL, 0);
INSERT INTO `sys_login_log` VALUES (6, 'admin', '127.0.0.1', 1, '', NULL, '2022-12-02 08:29:36', NULL, 0);
INSERT INTO `sys_login_log` VALUES (7, 'admin', '127.0.0.1', 1, '', NULL, '2022-12-02 08:29:52', NULL, 0);
INSERT INTO `sys_login_log` VALUES (8, 'admin', '127.0.0.1', 1, '', NULL, '2022-12-02 15:40:01', NULL, 0);
INSERT INTO `sys_login_log` VALUES (9, 'admin', '127.0.0.1', 1, '', NULL, '2022-12-02 15:40:08', NULL, 0);
INSERT INTO `sys_login_log` VALUES (10, 'admin', '127.0.0.1', 1, '', NULL, '2022-12-05 09:01:40', NULL, 0);
INSERT INTO `sys_login_log` VALUES (11, 'admin', '127.0.0.1', 1, '', NULL, '2022-12-06 09:34:33', NULL, 0);
INSERT INTO `sys_login_log` VALUES (12, 'admin', '127.0.0.1', 1, '', NULL, '2022-12-06 09:34:38', NULL, 0);
INSERT INTO `sys_login_log` VALUES (13, 'test', '127.0.0.1', 1, '', NULL, '2022-12-06 09:51:58', NULL, 0);
INSERT INTO `sys_login_log` VALUES (14, 'wanggang', '127.0.0.1', 1, '', NULL, '2022-12-06 09:52:08', NULL, 0);
INSERT INTO `sys_login_log` VALUES (15, 'wangqq', '127.0.0.1', 1, '', NULL, '2022-12-06 09:52:16', NULL, 0);
INSERT INTO `sys_login_log` VALUES (16, 'admin', '127.0.0.1', 1, '', NULL, '2022-12-07 10:23:36', NULL, 0);
INSERT INTO `sys_login_log` VALUES (17, 'admin', '127.0.0.1', 1, '', NULL, '2022-12-07 12:22:24', NULL, 0);
INSERT INTO `sys_login_log` VALUES (18, 'lijiangshi', '127.0.0.1', 1, '', NULL, '2022-12-07 17:10:35', NULL, 0);
INSERT INTO `sys_login_log` VALUES (19, 'jingli', '127.0.0.1', 1, '', NULL, '2022-12-07 17:14:15', NULL, 0);
INSERT INTO `sys_login_log` VALUES (20, 'rsjl', '127.0.0.1', 1, '', NULL, '2022-12-07 17:14:50', NULL, 0);
INSERT INTO `sys_login_log` VALUES (21, 'zjl', '127.0.0.1', 1, '', NULL, '2022-12-07 17:15:01', NULL, 0);
INSERT INTO `sys_login_log` VALUES (22, 'admin', '127.0.0.1', 1, '', NULL, '2022-12-08 09:36:59', NULL, 0);
INSERT INTO `sys_login_log` VALUES (23, 'admin', '127.0.0.1', 1, '', NULL, '2022-12-08 09:40:57', NULL, 0);
INSERT INTO `sys_login_log` VALUES (24, 'admin', '127.0.0.1', 1, '', NULL, '2022-12-09 08:35:27', NULL, 0);
INSERT INTO `sys_login_log` VALUES (25, 'admin', '127.0.0.1', 1, '', NULL, '2022-12-09 08:35:33', NULL, 0);
INSERT INTO `sys_login_log` VALUES (26, 'admin', '127.0.0.1', 1, '', NULL, '2022-12-09 09:30:41', NULL, 0);
INSERT INTO `sys_login_log` VALUES (27, 'admin', '127.0.0.1', 1, '', NULL, '2022-12-09 09:40:22', NULL, 0);
INSERT INTO `sys_login_log` VALUES (28, 'admin', '127.0.0.1', 1, '', NULL, '2022-12-09 09:45:37', NULL, 0);
INSERT INTO `sys_login_log` VALUES (29, 'admin', '127.0.0.1', 1, '', NULL, '2022-12-09 09:47:01', NULL, 0);
INSERT INTO `sys_login_log` VALUES (30, 'admin', '127.0.0.1', 1, '', NULL, '2022-12-09 09:52:43', NULL, 0);
INSERT INTO `sys_login_log` VALUES (31, 'admin', '127.0.0.1', 1, '', NULL, '2022-12-09 14:16:22', NULL, 0);
INSERT INTO `sys_login_log` VALUES (32, 'admin', '127.0.0.1', 1, '', NULL, '2022-12-09 16:17:25', NULL, 0);
INSERT INTO `sys_login_log` VALUES (33, 'admin', '127.0.0.1', 1, '', NULL, '2022-12-09 16:19:32', NULL, 0);
INSERT INTO `sys_login_log` VALUES (34, 'admin', '127.0.0.1', 1, '', NULL, '2022-12-09 16:32:44', NULL, 0);
INSERT INTO `sys_login_log` VALUES (35, 'admin', '127.0.0.1', 1, '', NULL, '2022-12-09 16:32:46', NULL, 0);
INSERT INTO `sys_login_log` VALUES (36, 'admin', '127.0.0.1', 1, '', NULL, '2022-12-09 16:32:47', NULL, 0);
INSERT INTO `sys_login_log` VALUES (37, 'admin', '127.0.0.1', 1, '', NULL, '2022-12-09 16:32:54', NULL, 0);
INSERT INTO `sys_login_log` VALUES (38, 'admin', '127.0.0.1', 1, '', NULL, '2022-12-09 16:32:55', NULL, 0);
INSERT INTO `sys_login_log` VALUES (39, 'admin', '127.0.0.1', 1, '', NULL, '2022-12-09 16:32:56', NULL, 0);
INSERT INTO `sys_login_log` VALUES (40, 'admin', '127.0.0.1', 1, '', NULL, '2022-12-09 16:33:12', NULL, 0);
INSERT INTO `sys_login_log` VALUES (41, 'admin', '127.0.0.1', 1, '', NULL, '2022-12-09 16:33:18', NULL, 0);
INSERT INTO `sys_login_log` VALUES (42, 'admin', '127.0.0.1', 1, '', NULL, '2022-12-09 16:33:43', NULL, 0);
INSERT INTO `sys_login_log` VALUES (43, 'admin', '127.0.0.1', 1, '', NULL, '2022-12-09 16:33:44', NULL, 0);
INSERT INTO `sys_login_log` VALUES (44, 'admin', '127.0.0.1', 1, '', NULL, '2022-12-09 16:34:23', NULL, 0);
INSERT INTO `sys_login_log` VALUES (45, 'admin', '127.0.0.1', 1, '', NULL, '2022-12-09 16:34:34', NULL, 0);
INSERT INTO `sys_login_log` VALUES (46, 'admin', '127.0.0.1', 1, '', NULL, '2022-12-09 16:34:41', NULL, 0);
INSERT INTO `sys_login_log` VALUES (47, 'admin', '127.0.0.1', 1, '', NULL, '2022-12-09 16:35:12', NULL, 0);
INSERT INTO `sys_login_log` VALUES (48, 'admin', '127.0.0.1', 1, '', NULL, '2022-12-09 16:35:15', NULL, 0);
INSERT INTO `sys_login_log` VALUES (49, 'admin', '127.0.0.1', 1, '', NULL, '2022-12-09 16:35:16', NULL, 0);
INSERT INTO `sys_login_log` VALUES (50, 'admin', '127.0.0.1', 1, '', NULL, '2022-12-09 16:35:23', NULL, 0);
INSERT INTO `sys_login_log` VALUES (51, 'admin', '127.0.0.1', 1, '', NULL, '2022-12-09 16:35:46', NULL, 0);
INSERT INTO `sys_login_log` VALUES (52, 'admin', '127.0.0.1', 1, '', NULL, '2022-12-09 16:36:36', NULL, 0);
INSERT INTO `sys_login_log` VALUES (53, 'admin', '127.0.0.1', 1, '', NULL, '2022-12-09 16:40:13', NULL, 0);
INSERT INTO `sys_login_log` VALUES (54, 'admin', '127.0.0.1', 1, '', NULL, '2022-12-12 08:32:48', NULL, 0);
INSERT INTO `sys_login_log` VALUES (55, 'admin', '127.0.0.1', 1, '', NULL, '2022-12-21 17:11:32', NULL, 0);
INSERT INTO `sys_login_log` VALUES (56, 'admin', '127.0.0.1', 1, '', NULL, '2022-12-22 09:44:15', NULL, 0);

-- ----------------------------
-- Table structure for sys_menu
-- ----------------------------
DROP TABLE IF EXISTS `sys_menu`;
CREATE TABLE `sys_menu`  (
  `id` bigint(20) NOT NULL AUTO_INCREMENT COMMENT '',
  `parent_id` bigint(20) NOT NULL DEFAULT 0 COMMENT '',
  `name` varchar(20) CHARACTER SET utf8mb4 COLLATE utf8mb4_general_ci NOT NULL DEFAULT '' COMMENT '',
  `type` tinyint(3) NOT NULL DEFAULT 0 COMMENT '(0:,1:,2:)',
  `path` varchar(100) CHARACTER SET utf8mb4 COLLATE utf8mb4_general_ci NULL DEFAULT NULL COMMENT '',
  `component` varchar(100) CHARACTER SET utf8mb4 COLLATE utf8mb4_general_ci NULL DEFAULT NULL COMMENT '',
  `perms` varchar(100) CHARACTER SET utf8mb4 COLLATE utf8mb4_general_ci NULL DEFAULT NULL COMMENT '',
  `icon` varchar(100) CHARACTER SET utf8mb4 COLLATE utf8mb4_general_ci NULL DEFAULT NULL COMMENT '',
  `sort_value` int(11) NULL DEFAULT NULL COMMENT '',
  `status` tinyint(4) NULL DEFAULT NULL COMMENT '(0:,1:)',
  `create_time` timestamp NOT NULL DEFAULT CURRENT_TIMESTAMP COMMENT '',
  `update_time` timestamp NOT NULL DEFAULT CURRENT_TIMESTAMP ON UPDATE CURRENT_TIMESTAMP COMMENT '',
  `is_deleted` tinyint(3) NOT NULL DEFAULT 0 COMMENT '0: 1:',
  PRIMARY KEY (`id`) USING BTREE,
  INDEX `idx_parent_id`(`parent_id`) USING BTREE
) ENGINE = InnoDB AUTO_INCREMENT = 60 CHARACTER SET = utf8mb4 COLLATE = utf8mb4_general_ci COMMENT = '' ROW_FORMAT = Dynamic;

-- ----------------------------
-- Records of sys_menu
-- ----------------------------
INSERT INTO `sys_menu` VALUES (2, 0, '', 0, 'system', 'Layout', NULL, 'el-icon-s-tools', 1, 1, '2021-05-31 18:05:37', '2022-06-09 09:23:24', 0);
INSERT INTO `sys_menu` VALUES (3, 2, '', 1, 'sysUser', 'system/sysUser/list', '', 'el-icon-s-custom', 1, 1, '2021-05-31 18:05:37', '2022-06-09 09:22:47', 0);
INSERT INTO `sys_menu` VALUES (4, 2, '', 1, 'sysRole', 'system/sysRole/list', '', 'el-icon-user-solid', 2, 1, '2021-05-31 18:05:37', '2022-06-09 09:37:18', 0);
INSERT INTO `sys_menu` VALUES (5, 2, '', 1, 'sysMenu', 'system/sysMenu/list', '', 'el-icon-s-unfold', 3, 1, '2021-05-31 18:05:37', '2022-06-09 09:37:21', 0);
INSERT INTO `sys_menu` VALUES (6, 3, '', 2, NULL, NULL, 'bnt.sysUser.list', NULL, 1, 1, '2021-05-31 18:05:37', '2022-06-09 09:22:38', 0);
INSERT INTO `sys_menu` VALUES (7, 3, '', 2, NULL, NULL, 'bnt.sysUser.add', NULL, 1, 1, '2021-05-31 18:05:37', '2022-06-09 09:22:38', 0);
INSERT INTO `sys_menu` VALUES (8, 3, '', 2, NULL, NULL, 'bnt.sysUser.update', NULL, 1, 1, '2021-05-31 18:05:37', '2022-06-09 09:22:38', 0);
INSERT INTO `sys_menu` VALUES (9, 3, '', 2, NULL, NULL, 'bnt.sysUser.remove', NULL, 1, 1, '2021-05-31 18:05:37', '2022-06-09 09:22:38', 0);
INSERT INTO `sys_menu` VALUES (10, 4, '', 2, NULL, NULL, 'bnt.sysRole.list', NULL, 1, 1, '2021-05-31 18:05:37', '2022-06-09 09:22:38', 0);
INSERT INTO `sys_menu` VALUES (11, 4, '', 2, NULL, NULL, 'bnt.sysRole.add', NULL, 1, 1, '2021-05-31 18:05:37', '2022-06-09 09:22:38', 0);
INSERT INTO `sys_menu` VALUES (12, 4, '', 2, NULL, NULL, 'bnt.sysRole.update', NULL, 1, 1, '2021-05-31 18:05:37', '2022-06-09 09:22:38', 0);
INSERT INTO `sys_menu` VALUES (13, 4, '', 2, NULL, NULL, 'bnt.sysRole.remove', NULL, 1, 1, '2021-05-31 18:05:37', '2022-06-09 09:22:38', 0);
INSERT INTO `sys_menu` VALUES (14, 5, '', 2, NULL, NULL, 'bnt.sysMenu.list', NULL, 1, 1, '2021-05-31 18:05:37', '2022-06-09 09:22:38', 0);
INSERT INTO `sys_menu` VALUES (15, 5, '', 2, NULL, NULL, 'bnt.sysMenu.add', NULL, 1, 1, '2021-05-31 18:05:37', '2022-06-09 09:22:38', 0);
INSERT INTO `sys_menu` VALUES (16, 5, '', 2, NULL, NULL, 'bnt.sysMenu.update', NULL, 1, 1, '2021-05-31 18:05:37', '2022-06-09 09:22:38', 0);
INSERT INTO `sys_menu` VALUES (17, 5, '', 2, NULL, NULL, 'bnt.sysMenu.remove', NULL, 1, 1, '2021-05-31 18:05:37', '2022-06-09 09:22:38', 0);
INSERT INTO `sys_menu` VALUES (18, 3, '', 2, NULL, NULL, 'bnt.sysUser.assignRole', NULL, 1, 1, '2022-05-23 17:14:32', '2022-06-09 09:22:38', 0);
INSERT INTO `sys_menu` VALUES (19, 4, '', 2, 'assignAuth', 'system/sysRole/assignAuth', 'bnt.sysRole.assignAuth', NULL, 1, 1, '2022-05-23 17:18:14', '2022-06-09 09:22:38', 0);
INSERT INTO `sys_menu` VALUES (20, 2, '', 1, 'sysDept', 'system/sysDept/list', '', 'el-icon-s-operation', 4, 1, '2022-05-24 10:07:05', '2022-06-09 09:38:12', 0);
INSERT INTO `sys_menu` VALUES (21, 20, '', 2, NULL, NULL, 'bnt.sysDept.list', NULL, 1, 1, '2022-05-24 10:07:44', '2022-06-09 09:22:38', 0);
INSERT INTO `sys_menu` VALUES (22, 2, '', 1, 'sysPost', 'system/sysPost/list', '', 'el-icon-more-outline', 5, 1, '2022-05-24 10:25:30', '2022-06-09 09:38:13', 0);
INSERT INTO `sys_menu` VALUES (23, 22, '', 2, NULL, NULL, 'bnt.sysPost.list', NULL, 1, 1, '2022-05-24 10:25:45', '2022-06-09 09:22:38', 0);
INSERT INTO `sys_menu` VALUES (24, 20, '', 2, NULL, NULL, 'bnt.sysDept.add', NULL, 1, 1, '2022-05-25 15:31:27', '2022-06-09 09:22:38', 0);
INSERT INTO `sys_menu` VALUES (25, 20, '', 2, NULL, NULL, 'bnt.sysDept.update', NULL, 1, 1, '2022-05-25 15:31:41', '2022-06-09 09:22:38', 0);
INSERT INTO `sys_menu` VALUES (26, 20, '', 2, NULL, NULL, 'bnt.sysDept.remove', NULL, 1, 1, '2022-05-25 15:31:59', '2022-06-09 09:22:38', 0);
INSERT INTO `sys_menu` VALUES (27, 22, '', 2, NULL, NULL, 'bnt.sysPost.add', NULL, 1, 1, '2022-05-25 15:32:44', '2022-06-09 09:22:38', 0);
INSERT INTO `sys_menu` VALUES (28, 22, '', 2, NULL, NULL, 'bnt.sysPost.update', NULL, 1, 1, '2022-05-25 15:32:58', '2022-06-09 09:22:38', 0);
INSERT INTO `sys_menu` VALUES (29, 22, '', 2, NULL, NULL, 'bnt.sysPost.remove', NULL, 1, 1, '2022-05-25 15:33:11', '2022-06-09 09:22:38', 0);
INSERT INTO `sys_menu` VALUES (30, 34, '', 1, 'sysOperLog', 'system/sysOperLog/list', '', 'el-icon-document-remove', 7, 1, '2022-05-26 16:09:59', '2022-06-09 09:39:23', 0);
INSERT INTO `sys_menu` VALUES (31, 30, '', 2, NULL, NULL, 'bnt.sysOperLog.list', NULL, 1, 1, '2022-05-26 16:10:17', '2022-06-09 09:22:38', 0);
INSERT INTO `sys_menu` VALUES (32, 34, '', 1, 'sysLoginLog', 'system/sysLoginLog/list', '', 'el-icon-s-goods', 8, 1, '2022-05-26 16:36:13', '2022-06-09 09:39:24', 0);
INSERT INTO `sys_menu` VALUES (33, 32, '', 2, NULL, NULL, 'bnt.sysLoginLog.list', NULL, 1, 1, '2022-05-26 16:36:31', '2022-06-09 09:36:36', 0);
INSERT INTO `sys_menu` VALUES (34, 2, '', 0, 'log', 'ParentView', '', 'el-icon-tickets', 6, 1, '2022-05-31 13:23:07', '2022-06-09 09:39:22', 0);
INSERT INTO `sys_menu` VALUES (35, 0, '', 0, 'processSet', 'Layout', '', 'el-icon-setting', 1, 1, '2022-12-01 09:32:46', '2022-12-01 09:32:46', 0);
INSERT INTO `sys_menu` VALUES (36, 35, '', 1, 'processTemplate', 'processSet/processTemplate/list', '', 'el-icon-s-help', 2, 1, '2022-12-01 09:37:08', '2022-12-19 14:10:48', 0);
INSERT INTO `sys_menu` VALUES (37, 36, '', 2, '', '', 'bnt.processTemplate.list', '', 1, 1, '2022-12-01 09:37:49', '2022-12-01 09:37:49', 0);
INSERT INTO `sys_menu` VALUES (38, 36, '', 2, 'templateSet', 'processSet/processTemplate/templateSet', 'bnt.processTemplate.templateSet', '', 1, 1, '2022-12-01 14:52:08', '2022-12-13 18:11:56', 0);
INSERT INTO `sys_menu` VALUES (39, 35, '', 1, 'processType', 'processSet/processType/list', '', 'el-icon-s-unfold', 1, 1, '2022-12-02 14:46:18', '2022-12-13 18:12:24', 0);
INSERT INTO `sys_menu` VALUES (40, 39, '', 2, '', '', 'bnt.processType.list', '', 1, 1, '2022-12-02 14:46:41', '2022-12-02 14:46:41', 0);
INSERT INTO `sys_menu` VALUES (41, 0, '', 0, 'processMgr', 'Layout', '', 'el-icon-more-outline', 1, 1, '2022-12-02 14:48:11', '2022-12-20 09:29:30', 0);
INSERT INTO `sys_menu` VALUES (42, 41, '', 1, 'process', 'processMgr/process/list', '', 'el-icon-document-remove', 1, 1, '2022-12-02 14:49:06', '2022-12-02 14:59:17', 0);
INSERT INTO `sys_menu` VALUES (43, 42, '', 2, '', '', 'bnt.process.list', '', 1, 1, '2022-12-02 14:49:24', '2022-12-02 14:49:24', 0);
INSERT INTO `sys_menu` VALUES (44, 36, '', 2, 'onlineProcessSet', 'processSet/processTemplate/onlineProcessSet', 'bnt.processTemplate.onlineProcessSet', '', 1, 1, '2022-12-08 10:13:15', '2022-12-19 18:57:35', 0);
INSERT INTO `sys_menu` VALUES (45, 39, '', 2, '', '', 'bnt.processType.add', '', 1, 1, '2022-12-09 09:14:53', '2022-12-09 09:14:53', 0);
INSERT INTO `sys_menu` VALUES (46, 39, '', 2, '', '', 'bnt.processType.update', '', 1, 1, '2022-12-09 09:15:10', '2022-12-09 09:15:10', 0);
INSERT INTO `sys_menu` VALUES (47, 39, '', 2, '', '', 'bnt.processType.remove', '', 1, 1, '2022-12-09 09:15:25', '2022-12-09 09:15:25', 0);
INSERT INTO `sys_menu` VALUES (48, 36, '', 2, '', '', 'bnt.processTemplate.remove', '', 1, 1, '2022-12-09 09:22:29', '2022-12-09 09:22:29', 0);
INSERT INTO `sys_menu` VALUES (49, 36, '', 2, '', '', 'bnt.processTemplate.publish', '', 1, 1, '2022-12-09 09:24:47', '2022-12-09 09:24:47', 0);
INSERT INTO `sys_menu` VALUES (50, 0, '', 0, 'wechat', 'Layout', '', 'el-icon-s-operation', 1, 1, '2022-12-13 09:06:58', '2022-12-21 11:20:55', 0);
INSERT INTO `sys_menu` VALUES (51, 50, '', 1, 'menu', 'wechat/menu/list', '', 'el-icon-s-help', 1, 1, '2022-12-13 09:07:52', '2022-12-13 09:09:49', 0);
INSERT INTO `sys_menu` VALUES (52, 51, '', 2, '', '', 'bnt.menu.list', '', 1, 1, '2022-12-13 09:08:48', '2022-12-13 17:58:23', 0);
INSERT INTO `sys_menu` VALUES (53, 51, '', 2, '', '', 'bnt.menu.add', '', 1, 1, '2022-12-13 16:29:25', '2022-12-13 17:58:34', 0);
INSERT INTO `sys_menu` VALUES (54, 51, '', 2, '', '', 'bnt.menu.update', '', 1, 1, '2022-12-13 16:29:41', '2022-12-13 17:58:42', 0);
INSERT INTO `sys_menu` VALUES (55, 51, '', 2, '', '', 'bnt.menu.remove', '', 1, 1, '2022-12-13 16:29:59', '2022-12-13 17:58:47', 0);
INSERT INTO `sys_menu` VALUES (56, 51, '', 2, '', '', 'bnt.menu.removeMenu', '', 1, 1, '2022-12-13 16:30:36', '2022-12-13 17:58:54', 0);
INSERT INTO `sys_menu` VALUES (57, 51, '', 2, '', '', 'bnt.menu.syncMenu', '', 1, 1, '2022-12-13 16:31:00', '2022-12-13 17:59:01', 0);
INSERT INTO `sys_menu` VALUES (58, 0, 'test', 0, 'test', 'Layout', '', '', 1, 1, '2023-04-25 22:14:42', '2023-04-25 22:14:42', 0);
INSERT INTO `sys_menu` VALUES (59, 58, 'test', 1, 'test1', '111', '', '', 1, 1, '2023-04-25 22:15:02', '2023-04-25 22:15:02', 0);

-- ----------------------------
-- Table structure for sys_oper_log
-- ----------------------------
DROP TABLE IF EXISTS `sys_oper_log`;
CREATE TABLE `sys_oper_log`  (
  `id` bigint(20) NOT NULL AUTO_INCREMENT COMMENT '',
  `title` varchar(50) CHARACTER SET utf8 COLLATE utf8_general_ci NULL DEFAULT '' COMMENT '',
  `business_type` varchar(20) CHARACTER SET utf8 COLLATE utf8_general_ci NULL DEFAULT '0' COMMENT '0 1 2 3',
  `method` varchar(100) CHARACTER SET utf8 COLLATE utf8_general_ci NULL DEFAULT '' COMMENT '',
  `request_method` varchar(10) CHARACTER SET utf8 COLLATE utf8_general_ci NULL DEFAULT '' COMMENT '',
  `operator_type` varchar(20) CHARACTER SET utf8 COLLATE utf8_general_ci NULL DEFAULT '0' COMMENT '0 1 2',
  `oper_name` varchar(50) CHARACTER SET utf8 COLLATE utf8_general_ci NULL DEFAULT '' COMMENT '',
  `dept_name` varchar(50) CHARACTER SET utf8 COLLATE utf8_general_ci NULL DEFAULT '' COMMENT '',
  `oper_url` varchar(255) CHARACTER SET utf8 COLLATE utf8_general_ci NULL DEFAULT '' COMMENT 'URL',
  `oper_ip` varchar(128) CHARACTER SET utf8 COLLATE utf8_general_ci NULL DEFAULT '' COMMENT '',
  `oper_param` varchar(2000) CHARACTER SET utf8 COLLATE utf8_general_ci NULL DEFAULT '' COMMENT '',
  `json_result` varchar(2000) CHARACTER SET utf8 COLLATE utf8_general_ci NULL DEFAULT '' COMMENT '',
  `status` int(1) NULL DEFAULT 0 COMMENT '0 1',
  `error_msg` varchar(2000) CHARACTER SET utf8 COLLATE utf8_general_ci NULL DEFAULT '' COMMENT '',
  `oper_time` datetime NULL DEFAULT NULL COMMENT '',
  `create_time` timestamp NOT NULL DEFAULT CURRENT_TIMESTAMP ON UPDATE CURRENT_TIMESTAMP,
  `update_time` timestamp NULL DEFAULT NULL ON UPDATE CURRENT_TIMESTAMP,
  `is_deleted` tinyint(3) NOT NULL DEFAULT 0 COMMENT '0: 1:',
  PRIMARY KEY (`id`) USING BTREE
) ENGINE = InnoDB AUTO_INCREMENT = 98 CHARACTER SET = utf8 COLLATE = utf8_general_ci COMMENT = '' ROW_FORMAT = Dynamic;

-- ----------------------------
-- Records of sys_oper_log
-- ----------------------------
INSERT INTO `sys_oper_log` VALUES (1, '', '1', 'com.atguigu.auth.controller.SysRoleController.save()', 'POST', '1', 'admin', '', '/admin/auth/sysRole/save', '', '{\"param\":{},\"roleCode\":\"\",\"roleName\":\"test\",\"id\":5}', '{\"code\":200,\"message\":\"\"}', 0, '', NULL, '2022-05-26 15:59:44', NULL, 0);
INSERT INTO `sys_oper_log` VALUES (2, '', 'DELETE', 'com.atguigu.auth.controller.SysRoleController.remove()', 'DELETE', 'MANAGE', 'admin', '', '/admin/auth/sysRole/remove/5', '', '', '{\"code\":200,\"message\":\"\"}', 0, '', NULL, '2022-05-26 16:05:27', NULL, 0);
INSERT INTO `sys_oper_log` VALUES (3, '', 'DELETE', 'com.atguigu.auth.controller.SysRoleController.remove()', 'DELETE', 'MANAGE', 'admin', '', '/admin/auth/sysRole/remove/4', '127.0.0.1', '', '{\"code\":200,\"message\":\"\"}', 1, '', NULL, '2022-05-26 16:52:40', NULL, 0);
INSERT INTO `sys_oper_log` VALUES (4, '', 'UPDATE', 'com.atguigu.auth.controller.SysRoleController.updateById()', 'PUT', 'MANAGE', 'admin', '', '/admin/auth/sysRole/update', '127.0.0.1', '{\"isDeleted\":0,\"createTime\":1622507920000,\"param\":{},\"roleCode\":\"\",\"roleName\":\"\",\"description\":\"\",\"updateTime\":1645670566000,\"id\":2}', '{\"code\":200,\"message\":\"\"}', 1, '', NULL, '2022-05-27 08:47:54', NULL, 0);
INSERT INTO `sys_oper_log` VALUES (5, '', 'UPDATE', 'com.atguigu.auth.controller.SysMenuController.updateById()', 'PUT', 'MANAGE', 'admin', '', '/admin/auth/sysMenu/update', '127.0.0.1', '{\"code\":\"SysRole\",\"select\":false,\"level\":3,\"updateTime\":1653287810000,\"type\":1,\"parentId\":2,\"isDeleted\":0,\"children\":[{\"code\":\"btn.SysRole.list\",\"select\":false,\"level\":4,\"updateTime\":1622460772000,\"type\":2,\"parentId\":4,\"isDeleted\":0,\"children\":[],\"createTime\":1622455537000,\"param\":{},\"name\":\"\",\"id\":10},{\"code\":\"btn.SysRole.add\",\"select\":false,\"level\":4,\"updateTime\":1653547976000,\"type\":2,\"parentId\":4,\"isDeleted\":0,\"children\":[],\"createTime\":1622455537000,\"param\":{},\"name\":\"\",\"id\":11},{\"code\":\"btn.SysRole.update\",\"select\":false,\"level\":4,\"updateTime\":1653547981000,\"type\":2,\"parentId\":4,\"isDeleted\":0,\"children\":[],\"createTime\":1622455537000,\"param\":{},\"name\":\"\",\"id\":12},{\"code\":\"btn.SysRole.remove\",\"select\":false,\"level\":4,\"updateTime\":1622507874000,\"type\":2,\"parentId\":4,\"isDeleted\":0,\"children\":[],\"createTime\":1622455537000,\"param\":{},\"name\":\"\",\"id\":13},{\"code\":\"btn.SysRole.assignAuth\",\"select\":false,\"level\":4,\"toCode\":\"AssignAuth\",\"updateTime\":1653376735000,\"type\":2,\"parentId\":4,\"isDeleted\":0,\"children\":[],\"createTime\":1653297494000,\"param\":{},\"name\":\"\",\"id\":19}],\"createTime\":1622455537000,\"param\":{},\"name\":\"\",\"id\":4}', '{\"code\":200,\"message\":\"\"}', 1, '', NULL, '2022-05-27 08:48:08', NULL, 0);
INSERT INTO `sys_oper_log` VALUES (6, '', 'UPDATE', 'com.atguigu.auth.controller.SysPostController.updateById()', 'PUT', 'MANAGE', 'admin', '', '/admin/auth/sysPost/update', '127.0.0.1', '{\"isDeleted\":0,\"createTime\":1653359648000,\"param\":{},\"name\":\"\",\"description\":\"2\",\"postCode\":\"zjl\",\"id\":6,\"status\":1}', '{\"code\":200,\"message\":\"\"}', 1, '', NULL, '2022-05-27 08:56:29', NULL, 0);
INSERT INTO `sys_oper_log` VALUES (7, '', 'INSERT', 'com.atguigu.auth.controller.SysPostController.save()', 'POST', 'MANAGE', 'admin', '', '/admin/auth/sysPost/save', '127.0.0.1', '{\"param\":{},\"name\":\"\",\"description\":\"\",\"postCode\":\"wz\",\"id\":7,\"status\":1}', '{\"code\":200,\"message\":\"\"}', 1, '', NULL, '2022-05-27 08:56:37', NULL, 0);
INSERT INTO `sys_oper_log` VALUES (8, '', 'DELETE', 'com.atguigu.auth.controller.SysPostController.remove()', 'DELETE', 'MANAGE', 'admin', '', '/admin/auth/sysPost/remove/7', '127.0.0.1', '', '{\"code\":200,\"message\":\"\"}', 1, '', NULL, '2022-05-27 08:56:41', NULL, 0);
INSERT INTO `sys_oper_log` VALUES (9, '', 'UPDATE', 'com.atguigu.auth.controller.SysMenuController.updateById()', 'PUT', 'MANAGE', 'admin', '', '/admin/auth/sysMenu/update', '127.0.0.1', '{\"code\":\"btn.sysDept.list\",\"select\":false,\"level\":4,\"toCode\":\"\",\"updateTime\":1653358064000,\"type\":2,\"parentId\":20,\"isDeleted\":0,\"children\":[],\"createTime\":1653358064000,\"param\":{},\"name\":\"\",\"id\":21}', '{\"code\":200,\"message\":\"\"}', 1, '', NULL, '2022-05-27 09:02:49', NULL, 0);
INSERT INTO `sys_oper_log` VALUES (10, '', 'UPDATE', 'com.atguigu.auth.controller.SysMenuController.updateById()', 'PUT', 'MANAGE', 'admin', '', '/admin/auth/sysMenu/update', '127.0.0.1', '{\"code\":\"btn.sysDept.add\",\"select\":false,\"level\":4,\"toCode\":\"\",\"updateTime\":1653463887000,\"type\":2,\"parentId\":20,\"isDeleted\":0,\"children\":[],\"createTime\":1653463887000,\"param\":{},\"name\":\"\",\"id\":24}', '{\"code\":200,\"message\":\"\"}', 1, '', NULL, '2022-05-27 09:02:55', NULL, 0);
INSERT INTO `sys_oper_log` VALUES (11, '', 'UPDATE', 'com.atguigu.auth.controller.SysMenuController.updateById()', 'PUT', 'MANAGE', 'admin', '', '/admin/auth/sysMenu/update', '127.0.0.1', '{\"code\":\"btn.sysDept.update\",\"select\":false,\"level\":4,\"toCode\":\"\",\"updateTime\":1653463901000,\"type\":2,\"parentId\":20,\"isDeleted\":0,\"children\":[],\"createTime\":1653463901000,\"param\":{},\"name\":\"\",\"id\":25}', '{\"code\":200,\"message\":\"\"}', 1, '', NULL, '2022-05-27 09:03:01', NULL, 0);
INSERT INTO `sys_oper_log` VALUES (12, '', 'UPDATE', 'com.atguigu.auth.controller.SysMenuController.updateById()', 'PUT', 'MANAGE', 'admin', '', '/admin/auth/sysMenu/update', '127.0.0.1', '{\"code\":\"btn.sysDept.remove\",\"select\":false,\"level\":4,\"toCode\":\"\",\"updateTime\":1653463919000,\"type\":2,\"parentId\":20,\"isDeleted\":0,\"children\":[],\"createTime\":1653463919000,\"param\":{},\"name\":\"\",\"id\":26}', '{\"code\":200,\"message\":\"\"}', 1, '', NULL, '2022-05-27 09:03:07', NULL, 0);
INSERT INTO `sys_oper_log` VALUES (13, '', 'UPDATE', 'com.atguigu.auth.controller.SysDeptController.updateById()', 'PUT', 'MANAGE', 'admin', '', '/admin/auth/sysDept/update', '127.0.0.1', '{\"leader\":\"\",\"updateTime\":1653447072000,\"parentId\":2012,\"sortValue\":1,\"isDeleted\":0,\"createTime\":1653447072000,\"param\":{},\"phone\":\"15090909909\",\"name\":\"Java\",\"id\":2016,\"treePath\":\",1,20,2012,2012,\",\"status\":1}', '{\"code\":200,\"message\":\"\"}', 1, '', NULL, '2022-05-27 09:11:28', NULL, 0);
INSERT INTO `sys_oper_log` VALUES (14, '', 'INSERT', 'com.atguigu.auth.controller.SysDeptController.save()', 'POST', 'MANAGE', 'admin', '', '/admin/auth/sysDept/save', '127.0.0.1', '{\"leader\":\"\",\"parentId\":2012,\"param\":{},\"phone\":\"15090980989\",\"name\":\"\",\"id\":2017,\"treePath\":\",1,20,2012,2012,\"}', '{\"code\":200,\"message\":\"\"}', 1, '', NULL, '2022-05-27 09:11:54', NULL, 0);
INSERT INTO `sys_oper_log` VALUES (15, '', 'UPDATE', 'com.atguigu.auth.controller.SysDeptController.updateById()', 'PUT', 'MANAGE', 'admin', '', '/admin/auth/sysDept/update', '127.0.0.1', '{\"leader\":\"\",\"parentId\":2012,\"sortValue\":1,\"isDeleted\":0,\"createTime\":1653613914000,\"param\":{},\"phone\":\"15090980989\",\"name\":\"\",\"id\":2017,\"treePath\":\",1,20,2012,2012,\",\"status\":1}', '{\"code\":200,\"message\":\"\"}', 1, '', NULL, '2022-05-27 09:16:38', NULL, 0);
INSERT INTO `sys_oper_log` VALUES (16, '', 'UPDATE', 'com.atguigu.auth.controller.SysRoleController.updateById()', 'PUT', 'MANAGE', 'admin', '', '/admin/auth/sysRole/update', '127.0.0.1', '{\"isDeleted\":0,\"createTime\":1622507920000,\"param\":{},\"roleCode\":\"COMMON\",\"roleName\":\"\",\"description\":\"\",\"updateTime\":1645670566000,\"id\":2}', '{\"code\":200,\"message\":\"\"}', 1, '', NULL, '2022-05-27 09:28:15', NULL, 0);
INSERT INTO `sys_oper_log` VALUES (17, '', 'INSERT', 'com.atguigu.auth.controller.SysRoleController.save()', 'POST', 'MANAGE', 'admin', '', '/admin/auth/sysRole/save', '127.0.0.1', '{\"param\":{},\"roleCode\":\"\",\"roleName\":\"\",\"id\":6}', '{\"code\":200,\"message\":\"\"}', 1, '', NULL, '2022-05-27 10:42:18', NULL, 0);
INSERT INTO `sys_oper_log` VALUES (18, '', 'UPDATE', 'com.atguigu.auth.controller.SysRoleController.updateById()', 'PUT', 'MANAGE', 'admin', '', '/admin/auth/sysRole/update', '127.0.0.1', '{\"isDeleted\":0,\"createTime\":1653619337000,\"param\":{},\"roleCode\":\"\",\"roleName\":\"\",\"updateTime\":1653619337000,\"id\":6}', '{\"code\":200,\"message\":\"\"}', 1, '', NULL, '2022-05-27 10:43:59', NULL, 0);
INSERT INTO `sys_oper_log` VALUES (19, '', 'UPDATE', 'com.atguigu.auth.controller.SysMenuController.updateById()', 'PUT', 'MANAGE', 'admin', '', '/admin/auth/sysMenu/update', '127.0.0.1', '{\"code\":\"sysUser\",\"select\":false,\"level\":3,\"updateTime\":1653957062000,\"type\":1,\"parentId\":2,\"path\":\"sysUser/list\",\"sortValue\":1,\"component\":\"auth/sysUser/list\",\"isDeleted\":0,\"children\":[{\"code\":\"bnt.sysUser.list\",\"select\":false,\"level\":4,\"updateTime\":1653957062000,\"type\":2,\"parentId\":3,\"isDeleted\":0,\"children\":[],\"createTime\":1622455537000,\"param\":{},\"name\":\"\",\"id\":6,\"status\":1},{\"code\":\"bnt.sysUser.add\",\"select\":false,\"level\":4,\"updateTime\":1653957062000,\"type\":2,\"parentId\":3,\"isDeleted\":0,\"children\":[],\"createTime\":1622455537000,\"param\":{},\"name\":\"\",\"id\":7,\"status\":1},{\"code\":\"bnt.sysUser.update\",\"select\":false,\"level\":4,\"updateTime\":1653957062000,\"type\":2,\"parentId\":3,\"isDeleted\":0,\"children\":[],\"createTime\":1622455537000,\"param\":{},\"name\":\"\",\"id\":8,\"status\":1},{\"code\":\"bnt.sysUser.remove\",\"select\":false,\"level\":4,\"updateTime\":1653957062000,\"type\":2,\"parentId\":3,\"isDeleted\":0,\"children\":[],\"createTime\":1622455537000,\"param\":{},\"name\":\"\",\"id\":9,\"status\":1},{\"code\":\"bnt.sysUser.assignRole\",\"select\":false,\"level\":4,\"toCode\":\"\",\"updateTime\":1653957062000,\"type\":2,\"parentId\":3,\"isDeleted\":0,\"children\":[],\"createTime\":1653297272000,\"param\":{},\"name\":\"\",\"id\":18,\"status\":1}],\"createTime\":1622455537000,\"param\":{},\"name\":\"\",\"perms\":\"bnt.sysUser.list\",\"id\":3,\"status\":1}', '{\"code\":200,\"message\":\"\"}', 1, '', NULL, '2022-05-31 09:14:26', NULL, 0);
INSERT INTO `sys_oper_log` VALUES (20, '', 'UPDATE', 'com.atguigu.auth.controller.SysMenuController.updateById()', 'PUT', 'MANAGE', 'admin', '', '/admin/auth/sysMenu/update', '127.0.0.1', '{\"code\":\"sysRole\",\"select\":false,\"level\":3,\"updateTime\":1653957062000,\"type\":1,\"parentId\":2,\"path\":\"sysRole/list\",\"sortValue\":0,\"component\":\"auth/sysRole/list\",\"isDeleted\":0,\"children\":[{\"code\":\"bnt.sysRole.list\",\"select\":false,\"level\":4,\"updateTime\":1653959708000,\"type\":2,\"parentId\":4,\"isDeleted\":0,\"children\":[],\"createTime\":1622455537000,\"param\":{},\"name\":\"\",\"perms\":\"bnt.sysRole.list\",\"id\":10,\"status\":1},{\"code\":\"bnt.sysRole.add\",\"select\":false,\"level\":4,\"updateTime\":1653959708000,\"type\":2,\"parentId\":4,\"isDeleted\":0,\"children\":[],\"createTime\":1622455537000,\"param\":{},\"name\":\"\",\"perms\":\"bnt.sysRole.add\",\"id\":11,\"status\":1},{\"code\":\"bnt.sysRole.update\",\"select\":false,\"level\":4,\"updateTime\":1653959708000,\"type\":2,\"parentId\":4,\"isDeleted\":0,\"children\":[],\"createTime\":1622455537000,\"param\":{},\"name\":\"\",\"perms\":\"bnt.sysRole.update\",\"id\":12,\"status\":1},{\"code\":\"bnt.sysRole.remove\",\"select\":false,\"level\":4,\"updateTime\":1653959708000,\"type\":2,\"parentId\":4,\"isDeleted\":0,\"children\":[],\"createTime\":1622455537000,\"param\":{},\"name\":\"\",\"perms\":\"bnt.sysRole.remove\",\"id\":13,\"status\":1},{\"code\":\"bnt.sysRole.assignAuth\",\"select\":false,\"level\":4,\"toCode\":\"assignAuth\",\"updateTime\":1653959708000,\"type\":2,\"parentId\":4,\"isDeleted\":0,\"children\":[],\"createTime\":1653297494000,\"param\":{},\"name\":\"\",\"perms\":\"bnt.sysRole.assignAuth\",\"id\":19,\"status\":1}],\"createTime\":1622455537000,\"param\":{},\"name\":\"\",\"perms\":\" bnt.sysRole.list\",\"id\":4,\"status\":1}', '{\"code\":200,\"message\":\"\"}', 1, '', NULL, '2022-05-31 09:18:12', NULL, 0);
INSERT INTO `sys_oper_log` VALUES (21, '', 'UPDATE', 'com.atguigu.auth.controller.SysMenuController.updateById()', 'PUT', 'MANAGE', 'admin', '', '/admin/auth/sysMenu/update', '127.0.0.1', '{\"code\":\"sysMenu\",\"select\":false,\"level\":3,\"updateTime\":1653957062000,\"type\":1,\"parentId\":2,\"path\":\"sysMenu/list\",\"sortValue\":0,\"component\":\"auth/sysMenu/list\",\"isDeleted\":0,\"children\":[{\"code\":\"bnt.sysMenu.list\",\"select\":false,\"level\":4,\"updateTime\":1653959708000,\"type\":2,\"parentId\":5,\"isDeleted\":0,\"children\":[],\"createTime\":1622455537000,\"param\":{},\"name\":\"\",\"perms\":\"bnt.sysMenu.list\",\"id\":14,\"status\":1},{\"code\":\"bnt.sysMenu.add\",\"select\":false,\"level\":4,\"updateTime\":1653959708000,\"type\":2,\"parentId\":5,\"isDeleted\":0,\"children\":[],\"createTime\":1622455537000,\"param\":{},\"name\":\"\",\"perms\":\"bnt.sysMenu.add\",\"id\":15,\"status\":1},{\"code\":\"bnt.sysMenu.update\",\"select\":false,\"level\":4,\"updateTime\":1653959708000,\"type\":2,\"parentId\":5,\"isDeleted\":0,\"children\":[],\"createTime\":1622455537000,\"param\":{},\"name\":\"\",\"perms\":\"bnt.sysMenu.update\",\"id\":16,\"status\":1},{\"code\":\"bnt.sysMenu.remove\",\"select\":false,\"level\":4,\"updateTime\":1653959708000,\"type\":2,\"parentId\":5,\"isDeleted\":0,\"children\":[],\"createTime\":1622455537000,\"param\":{},\"name\":\"\",\"perms\":\"bnt.sysMenu.remove\",\"id\":17,\"status\":1}],\"createTime\":1622455537000,\"param\":{},\"name\":\"\",\"perms\":\"bnt.sysMenu.list\",\"id\":5,\"status\":1}', '{\"code\":200,\"message\":\"\"}', 1, '', NULL, '2022-05-31 09:18:37', NULL, 0);
INSERT INTO `sys_oper_log` VALUES (22, '', 'UPDATE', 'com.atguigu.auth.controller.SysMenuController.updateById()', 'PUT', 'MANAGE', 'admin', '', '/admin/auth/sysMenu/update', '127.0.0.1', '{\"code\":\"sysDept\",\"select\":false,\"level\":3,\"toCode\":\"\",\"updateTime\":1653957062000,\"type\":1,\"parentId\":2,\"path\":\"sysDept/list\",\"sortValue\":0,\"component\":\"auth/sysDept/list\",\"isDeleted\":0,\"children\":[{\"code\":\"bnt.sysDept.list\",\"select\":false,\"level\":4,\"toCode\":\"\",\"updateTime\":1653959708000,\"type\":2,\"parentId\":20,\"isDeleted\":0,\"children\":[],\"createTime\":1653358064000,\"param\":{},\"name\":\"\",\"perms\":\"bnt.sysDept.list\",\"id\":21,\"status\":1},{\"code\":\"bnt.sysDept.add\",\"select\":false,\"level\":4,\"toCode\":\"\",\"updateTime\":1653959708000,\"type\":2,\"parentId\":20,\"isDeleted\":0,\"children\":[],\"createTime\":1653463887000,\"param\":{},\"name\":\"\",\"perms\":\"bnt.sysDept.add\",\"id\":24,\"status\":1},{\"code\":\"bnt.sysDept.update\",\"select\":false,\"level\":4,\"toCode\":\"\",\"updateTime\":1653959708000,\"type\":2,\"parentId\":20,\"isDeleted\":0,\"children\":[],\"createTime\":1653463901000,\"param\":{},\"name\":\"\",\"perms\":\"bnt.sysDept.update\",\"id\":25,\"status\":1},{\"code\":\"bnt.sysDept.remove\",\"select\":false,\"level\":4,\"toCode\":\"\",\"updateTime\":1653959708000,\"type\":2,\"parentId\":20,\"isDeleted\":0,\"children\":[],\"createTime\":1653463919000,\"param\":{},\"name\":\"\",\"perms\":\"bnt.sysDept.remove\",\"id\":26,\"status\":1}],\"createTime\":1653358025000,\"param\":{},\"name\":\"\",\"perms\":\"bnt.sysDept.list\",\"id\":20,\"status\":1}', '{\"code\":200,\"message\":\"\"}', 1, '', NULL, '2022-05-31 09:19:04', NULL, 0);
INSERT INTO `sys_oper_log` VALUES (23, '', 'UPDATE', 'com.atguigu.auth.controller.SysMenuController.updateById()', 'PUT', 'MANAGE', 'admin', '', '/admin/auth/sysMenu/update', '127.0.0.1', '{\"code\":\"sysPost\",\"select\":false,\"level\":3,\"toCode\":\"\",\"updateTime\":1653957062000,\"type\":1,\"parentId\":2,\"path\":\"sysPost/list\",\"sortValue\":0,\"component\":\"auth/sysPost/list\",\"isDeleted\":0,\"children\":[{\"code\":\"bnt.sysPost.list\",\"select\":false,\"level\":4,\"toCode\":\"\",\"updateTime\":1653959708000,\"type\":2,\"parentId\":22,\"isDeleted\":0,\"children\":[],\"createTime\":1653359145000,\"param\":{},\"name\":\"\",\"perms\":\"bnt.sysPost.list\",\"id\":23,\"status\":1},{\"code\":\"bnt.sysPost.add\",\"select\":false,\"level\":4,\"toCode\":\"\",\"updateTime\":1653959708000,\"type\":2,\"parentId\":22,\"isDeleted\":0,\"children\":[],\"createTime\":1653463964000,\"param\":{},\"name\":\"\",\"perms\":\"bnt.sysPost.add\",\"id\":27,\"status\":1},{\"code\":\"bnt.sysPost.update\",\"select\":false,\"level\":4,\"toCode\":\"\",\"updateTime\":1653959708000,\"type\":2,\"parentId\":22,\"isDeleted\":0,\"children\":[],\"createTime\":1653463978000,\"param\":{},\"name\":\"\",\"perms\":\"bnt.sysPost.update\",\"id\":28,\"status\":1},{\"code\":\"bnt.sysPost.remove\",\"select\":false,\"level\":4,\"toCode\":\"\",\"updateTime\":1653959708000,\"type\":2,\"parentId\":22,\"isDeleted\":0,\"children\":[],\"createTime\":1653463991000,\"param\":{},\"name\":\"\",\"perms\":\"bnt.sysPost.remove\",\"id\":29,\"status\":1}],\"createTime\":1653359130000,\"param\":{},\"name\":\"\",\"perms\":\"bnt.sysPost.list\",\"id\":22,\"status\":1}', '{\"code\":200,\"message\":\"\"}', 1, '', NULL, '2022-05-31 09:19:23', NULL, 0);
INSERT INTO `sys_oper_log` VALUES (24, '', 'UPDATE', 'com.atguigu.auth.controller.SysMenuController.updateById()', 'PUT', 'MANAGE', 'admin', '', '/admin/auth/sysMenu/update', '127.0.0.1', '{\"code\":\"sysOperLog\",\"select\":false,\"level\":3,\"toCode\":\"\",\"updateTime\":1653957062000,\"type\":1,\"parentId\":2,\"path\":\"sysOperLog/list\",\"sortValue\":0,\"component\":\"auth/sysOperLog/list\",\"isDeleted\":0,\"children\":[{\"code\":\"bnt.sysOperLog.list\",\"select\":false,\"level\":4,\"toCode\":\"\",\"updateTime\":1653959708000,\"type\":2,\"parentId\":30,\"isDeleted\":0,\"children\":[],\"createTime\":1653552617000,\"param\":{},\"name\":\"\",\"perms\":\"bnt.sysOperLog.list\",\"id\":31,\"status\":1}],\"createTime\":1653552599000,\"param\":{},\"name\":\"\",\"perms\":\"bnt.sysOperLog.list\",\"id\":30,\"status\":1}', '{\"code\":200,\"message\":\"\"}', 1, '', NULL, '2022-05-31 09:19:40', NULL, 0);
INSERT INTO `sys_oper_log` VALUES (25, '', 'UPDATE', 'com.atguigu.auth.controller.SysMenuController.updateById()', 'PUT', 'MANAGE', 'admin', '', '/admin/auth/sysMenu/update', '127.0.0.1', '{\"code\":\"sysLoginLog\",\"select\":false,\"level\":3,\"toCode\":\"\",\"updateTime\":1653957062000,\"type\":1,\"parentId\":2,\"path\":\"sysLoginLog/list\",\"sortValue\":0,\"component\":\"auth/sysLoginLog/list\",\"isDeleted\":0,\"children\":[{\"code\":\"bnt.sysLoginLog.list\",\"select\":false,\"level\":4,\"toCode\":\"\",\"updateTime\":1653957062000,\"type\":1,\"parentId\":32,\"isDeleted\":0,\"children\":[],\"createTime\":1653554191000,\"param\":{},\"name\":\"\",\"id\":33,\"status\":1}],\"createTime\":1653554173000,\"param\":{},\"name\":\"\",\"perms\":\" bnt.sysLoginLog.list\",\"id\":32,\"status\":1}', '{\"code\":200,\"message\":\"\"}', 1, '', NULL, '2022-05-31 09:20:09', NULL, 0);
INSERT INTO `sys_oper_log` VALUES (26, '', 'UPDATE', 'com.atguigu.auth.controller.SysMenuController.updateById()', 'PUT', 'MANAGE', 'admin', '', '/admin/auth/sysMenu/update', '127.0.0.1', '{\"code\":\"sysUser\",\"select\":false,\"level\":2,\"updateTime\":1653957062000,\"type\":1,\"parentId\":2,\"path\":\"sysUser\",\"sortValue\":1,\"component\":\"auth/sysUser/list\",\"isDeleted\":0,\"children\":[{\"code\":\"bnt.sysUser.list\",\"select\":false,\"level\":3,\"updateTime\":1653959708000,\"type\":2,\"parentId\":3,\"isDeleted\":0,\"children\":[],\"createTime\":1622455537000,\"param\":{},\"name\":\"\",\"perms\":\"bnt.sysUser.list\",\"id\":6,\"status\":1},{\"code\":\"bnt.sysUser.add\",\"select\":false,\"level\":3,\"updateTime\":1653959708000,\"type\":2,\"parentId\":3,\"isDeleted\":0,\"children\":[],\"createTime\":1622455537000,\"param\":{},\"name\":\"\",\"perms\":\"bnt.sysUser.add\",\"id\":7,\"status\":1},{\"code\":\"bnt.sysUser.update\",\"select\":false,\"level\":3,\"updateTime\":1653959708000,\"type\":2,\"parentId\":3,\"isDeleted\":0,\"children\":[],\"createTime\":1622455537000,\"param\":{},\"name\":\"\",\"perms\":\"bnt.sysUser.update\",\"id\":8,\"status\":1},{\"code\":\"bnt.sysUser.remove\",\"select\":false,\"level\":3,\"updateTime\":1653959708000,\"type\":2,\"parentId\":3,\"isDeleted\":0,\"children\":[],\"createTime\":1622455537000,\"param\":{},\"name\":\"\",\"perms\":\"bnt.sysUser.remove\",\"id\":9,\"status\":1},{\"code\":\"bnt.sysUser.assignRole\",\"select\":false,\"level\":3,\"toCode\":\"\",\"updateTime\":1653959708000,\"type\":2,\"parentId\":3,\"isDeleted\":0,\"children\":[],\"createTime\":1653297272000,\"param\":{},\"name\":\"\",\"perms\":\"bnt.sysUser.assignRole\",\"id\":18,\"status\":1}],\"createTime\":1622455537000,\"param\":{},\"name\":\"\",\"perms\":\"bnt.sysUser.list\",\"id\":3,\"status\":1}', '{\"code\":200,\"message\":\"\"}', 1, '', NULL, '2022-05-31 09:41:35', NULL, 0);
INSERT INTO `sys_oper_log` VALUES (27, '', 'UPDATE', 'com.atguigu.auth.controller.SysMenuController.updateById()', 'PUT', 'MANAGE', 'admin', '', '/admin/auth/sysMenu/update', '127.0.0.1', '{\"code\":\"sysRole\",\"select\":false,\"level\":2,\"updateTime\":1653957062000,\"type\":1,\"parentId\":2,\"path\":\"sysRole\",\"sortValue\":0,\"component\":\"auth/sysRole/list\",\"isDeleted\":0,\"children\":[{\"code\":\"bnt.sysRole.list\",\"select\":false,\"level\":3,\"updateTime\":1653959708000,\"type\":2,\"parentId\":4,\"isDeleted\":0,\"children\":[],\"createTime\":1622455537000,\"param\":{},\"name\":\"\",\"perms\":\"bnt.sysRole.list\",\"id\":10,\"status\":1},{\"code\":\"bnt.sysRole.add\",\"select\":false,\"level\":3,\"updateTime\":1653959708000,\"type\":2,\"parentId\":4,\"isDeleted\":0,\"children\":[],\"createTime\":1622455537000,\"param\":{},\"name\":\"\",\"perms\":\"bnt.sysRole.add\",\"id\":11,\"status\":1},{\"code\":\"bnt.sysRole.update\",\"select\":false,\"level\":3,\"updateTime\":1653959708000,\"type\":2,\"parentId\":4,\"isDeleted\":0,\"children\":[],\"createTime\":1622455537000,\"param\":{},\"name\":\"\",\"perms\":\"bnt.sysRole.update\",\"id\":12,\"status\":1},{\"code\":\"bnt.sysRole.remove\",\"select\":false,\"level\":3,\"updateTime\":1653959708000,\"type\":2,\"parentId\":4,\"isDeleted\":0,\"children\":[],\"createTime\":1622455537000,\"param\":{},\"name\":\"\",\"perms\":\"bnt.sysRole.remove\",\"id\":13,\"status\":1},{\"code\":\"bnt.sysRole.assignAuth\",\"select\":false,\"level\":3,\"toCode\":\"assignAuth\",\"updateTime\":1653959708000,\"type\":2,\"parentId\":4,\"isDeleted\":0,\"children\":[],\"createTime\":1653297494000,\"param\":{},\"name\":\"\",\"perms\":\"bnt.sysRole.assignAuth\",\"id\":19,\"status\":1}],\"createTime\":1622455537000,\"param\":{},\"name\":\"\",\"perms\":\" bnt.sysRole.list\",\"id\":4,\"status\":1}', '{\"code\":200,\"message\":\"\"}', 1, '', NULL, '2022-05-31 09:41:42', NULL, 0);
INSERT INTO `sys_oper_log` VALUES (28, '', 'UPDATE', 'com.atguigu.auth.controller.SysMenuController.updateById()', 'PUT', 'MANAGE', 'admin', '', '/admin/auth/sysMenu/update', '127.0.0.1', '{\"code\":\"sysMenu\",\"select\":false,\"level\":2,\"updateTime\":1653957062000,\"type\":1,\"parentId\":2,\"path\":\"sysMenu\",\"sortValue\":0,\"component\":\"auth/sysMenu/list\",\"isDeleted\":0,\"children\":[{\"code\":\"bnt.sysMenu.list\",\"select\":false,\"level\":3,\"updateTime\":1653959708000,\"type\":2,\"parentId\":5,\"isDeleted\":0,\"children\":[],\"createTime\":1622455537000,\"param\":{},\"name\":\"\",\"perms\":\"bnt.sysMenu.list\",\"id\":14,\"status\":1},{\"code\":\"bnt.sysMenu.add\",\"select\":false,\"level\":3,\"updateTime\":1653959708000,\"type\":2,\"parentId\":5,\"isDeleted\":0,\"children\":[],\"createTime\":1622455537000,\"param\":{},\"name\":\"\",\"perms\":\"bnt.sysMenu.add\",\"id\":15,\"status\":1},{\"code\":\"bnt.sysMenu.update\",\"select\":false,\"level\":3,\"updateTime\":1653959708000,\"type\":2,\"parentId\":5,\"isDeleted\":0,\"children\":[],\"createTime\":1622455537000,\"param\":{},\"name\":\"\",\"perms\":\"bnt.sysMenu.update\",\"id\":16,\"status\":1},{\"code\":\"bnt.sysMenu.remove\",\"select\":false,\"level\":3,\"updateTime\":1653959708000,\"type\":2,\"parentId\":5,\"isDeleted\":0,\"children\":[],\"createTime\":1622455537000,\"param\":{},\"name\":\"\",\"perms\":\"bnt.sysMenu.remove\",\"id\":17,\"status\":1}],\"createTime\":1622455537000,\"param\":{},\"name\":\"\",\"perms\":\"bnt.sysMenu.list\",\"id\":5,\"status\":1}', '{\"code\":200,\"message\":\"\"}', 1, '', NULL, '2022-05-31 09:41:51', NULL, 0);
INSERT INTO `sys_oper_log` VALUES (29, '', 'UPDATE', 'com.atguigu.auth.controller.SysMenuController.updateById()', 'PUT', 'MANAGE', 'admin', '', '/admin/auth/sysMenu/update', '127.0.0.1', '{\"code\":\"sysDept\",\"select\":false,\"level\":2,\"toCode\":\"\",\"updateTime\":1653957062000,\"type\":1,\"parentId\":2,\"path\":\"sysDept\",\"sortValue\":0,\"component\":\"auth/sysDept/list\",\"isDeleted\":0,\"children\":[{\"code\":\"bnt.sysDept.list\",\"select\":false,\"level\":3,\"toCode\":\"\",\"updateTime\":1653959708000,\"type\":2,\"parentId\":20,\"isDeleted\":0,\"children\":[],\"createTime\":1653358064000,\"param\":{},\"name\":\"\",\"perms\":\"bnt.sysDept.list\",\"id\":21,\"status\":1},{\"code\":\"bnt.sysDept.add\",\"select\":false,\"level\":3,\"toCode\":\"\",\"updateTime\":1653959708000,\"type\":2,\"parentId\":20,\"isDeleted\":0,\"children\":[],\"createTime\":1653463887000,\"param\":{},\"name\":\"\",\"perms\":\"bnt.sysDept.add\",\"id\":24,\"status\":1},{\"code\":\"bnt.sysDept.update\",\"select\":false,\"level\":3,\"toCode\":\"\",\"updateTime\":1653959708000,\"type\":2,\"parentId\":20,\"isDeleted\":0,\"children\":[],\"createTime\":1653463901000,\"param\":{},\"name\":\"\",\"perms\":\"bnt.sysDept.update\",\"id\":25,\"status\":1},{\"code\":\"bnt.sysDept.remove\",\"select\":false,\"level\":3,\"toCode\":\"\",\"updateTime\":1653959708000,\"type\":2,\"parentId\":20,\"isDeleted\":0,\"children\":[],\"createTime\":1653463919000,\"param\":{},\"name\":\"\",\"perms\":\"bnt.sysDept.remove\",\"id\":26,\"status\":1}],\"createTime\":1653358025000,\"param\":{},\"name\":\"\",\"perms\":\"bnt.sysDept.list\",\"id\":20,\"status\":1}', '{\"code\":200,\"message\":\"\"}', 1, '', NULL, '2022-05-31 09:41:58', NULL, 0);
INSERT INTO `sys_oper_log` VALUES (30, '', 'UPDATE', 'com.atguigu.auth.controller.SysMenuController.updateById()', 'PUT', 'MANAGE', 'admin', '', '/admin/auth/sysMenu/update', '127.0.0.1', '{\"code\":\"sysPost\",\"select\":false,\"level\":2,\"toCode\":\"\",\"updateTime\":1653957062000,\"type\":1,\"parentId\":2,\"path\":\"sysPost\",\"sortValue\":0,\"component\":\"auth/sysPost/list\",\"isDeleted\":0,\"children\":[{\"code\":\"bnt.sysPost.list\",\"select\":false,\"level\":3,\"toCode\":\"\",\"updateTime\":1653959708000,\"type\":2,\"parentId\":22,\"isDeleted\":0,\"children\":[],\"createTime\":1653359145000,\"param\":{},\"name\":\"\",\"perms\":\"bnt.sysPost.list\",\"id\":23,\"status\":1},{\"code\":\"bnt.sysPost.add\",\"select\":false,\"level\":3,\"toCode\":\"\",\"updateTime\":1653959708000,\"type\":2,\"parentId\":22,\"isDeleted\":0,\"children\":[],\"createTime\":1653463964000,\"param\":{},\"name\":\"\",\"perms\":\"bnt.sysPost.add\",\"id\":27,\"status\":1},{\"code\":\"bnt.sysPost.update\",\"select\":false,\"level\":3,\"toCode\":\"\",\"updateTime\":1653959708000,\"type\":2,\"parentId\":22,\"isDeleted\":0,\"children\":[],\"createTime\":1653463978000,\"param\":{},\"name\":\"\",\"perms\":\"bnt.sysPost.update\",\"id\":28,\"status\":1},{\"code\":\"bnt.sysPost.remove\",\"select\":false,\"level\":3,\"toCode\":\"\",\"updateTime\":1653959708000,\"type\":2,\"parentId\":22,\"isDeleted\":0,\"children\":[],\"createTime\":1653463991000,\"param\":{},\"name\":\"\",\"perms\":\"bnt.sysPost.remove\",\"id\":29,\"status\":1}],\"createTime\":1653359130000,\"param\":{},\"name\":\"\",\"perms\":\"bnt.sysPost.list\",\"id\":22,\"status\":1}', '{\"code\":200,\"message\":\"\"}', 1, '', NULL, '2022-05-31 09:42:04', NULL, 0);
INSERT INTO `sys_oper_log` VALUES (31, '', 'UPDATE', 'com.atguigu.auth.controller.SysMenuController.updateById()', 'PUT', 'MANAGE', 'admin', '', '/admin/auth/sysMenu/update', '127.0.0.1', '{\"code\":\"sysOperLog\",\"select\":false,\"level\":2,\"toCode\":\"\",\"updateTime\":1653957062000,\"type\":1,\"parentId\":2,\"path\":\"sysOperLog\",\"sortValue\":0,\"component\":\"auth/sysOperLog/list\",\"isDeleted\":0,\"children\":[{\"code\":\"bnt.sysOperLog.list\",\"select\":false,\"level\":3,\"toCode\":\"\",\"updateTime\":1653959708000,\"type\":2,\"parentId\":30,\"isDeleted\":0,\"children\":[],\"createTime\":1653552617000,\"param\":{},\"name\":\"\",\"perms\":\"bnt.sysOperLog.list\",\"id\":31,\"status\":1}],\"createTime\":1653552599000,\"param\":{},\"name\":\"\",\"perms\":\"bnt.sysOperLog.list\",\"id\":30,\"status\":1}', '{\"code\":200,\"message\":\"\"}', 1, '', NULL, '2022-05-31 09:42:09', NULL, 0);
INSERT INTO `sys_oper_log` VALUES (32, '', 'UPDATE', 'com.atguigu.auth.controller.SysMenuController.updateById()', 'PUT', 'MANAGE', 'admin', '', '/admin/auth/sysMenu/update', '127.0.0.1', '{\"code\":\"sysLoginLog\",\"select\":false,\"level\":2,\"toCode\":\"\",\"updateTime\":1653957062000,\"type\":1,\"parentId\":2,\"path\":\"sysLoginLog\",\"sortValue\":0,\"component\":\"auth/sysLoginLog/list\",\"isDeleted\":0,\"children\":[{\"code\":\"bnt.sysLoginLog.list\",\"select\":false,\"level\":3,\"toCode\":\"\",\"updateTime\":1653957062000,\"type\":1,\"parentId\":32,\"isDeleted\":0,\"children\":[],\"createTime\":1653554191000,\"param\":{},\"name\":\"\",\"id\":33,\"status\":1}],\"createTime\":1653554173000,\"param\":{},\"name\":\"\",\"perms\":\" bnt.sysLoginLog.list\",\"id\":32,\"status\":1}', '{\"code\":200,\"message\":\"\"}', 1, '', NULL, '2022-05-31 09:42:15', NULL, 0);
INSERT INTO `sys_oper_log` VALUES (33, '', 'INSERT', 'com.atguigu.system.controller.SysMenuController.save()', 'POST', 'MANAGE', 'admin', '', '/admin/system/sysMenu/save', '127.0.0.1', '{\"select\":false,\"icon\":\"\",\"type\":0,\"parentId\":2,\"path\":\"log\",\"sortValue\":1,\"component\":\"\",\"param\":{},\"name\":\"\",\"perms\":\"\",\"id\":34,\"status\":1}', '{\"code\":200,\"message\":\"\"}', 1, '', NULL, '2022-05-31 13:23:07', NULL, 0);
INSERT INTO `sys_oper_log` VALUES (34, '', 'INSERT', 'com.atguigu.system.controller.SysMenuController.save()', 'POST', 'MANAGE', 'admin', '', '/admin/system/sysMenu/save', '127.0.0.1', '{\"select\":false,\"visible\":1,\"icon\":\"\",\"type\":0,\"parentId\":0,\"path\":\"order\",\"sortValue\":1,\"component\":\"Layout\",\"param\":{},\"name\":\"\",\"perms\":\"\",\"id\":35,\"status\":1}', '{\"code\":200,\"message\":\"\"}', 1, '', NULL, '2022-05-31 13:57:50', NULL, 0);
INSERT INTO `sys_oper_log` VALUES (35, '', 'INSERT', 'com.atguigu.system.controller.SysMenuController.save()', 'POST', 'MANAGE', 'admin', '', '/admin/system/sysMenu/save', '127.0.0.1', '{\"select\":false,\"visible\":1,\"icon\":\"\",\"type\":1,\"parentId\":35,\"path\":\"orderInfo\",\"sortValue\":1,\"component\":\"order/orderInfo/list\",\"param\":{},\"name\":\"\",\"perms\":\"bnt.orderInfo.list\",\"id\":36,\"status\":1}', '{\"code\":200,\"message\":\"\"}', 1, '', NULL, '2022-05-31 13:58:37', NULL, 0);
INSERT INTO `sys_oper_log` VALUES (36, '', 'INSERT', 'com.atguigu.system.controller.SysPostController.save()', 'POST', 'MANAGE', 'admin', '', '/admin/system/sysPost/save', '127.0.0.1', '{\"param\":{},\"name\":\"\",\"description\":\"\",\"postCode\":\"yyzj\",\"id\":8,\"status\":1}', '{\"code\":200,\"message\":\"\"}', 1, '', NULL, '2022-06-08 17:14:21', NULL, 0);
INSERT INTO `sys_oper_log` VALUES (37, '', 'INSERT', 'com.atguigu.system.controller.SysRoleController.save()', 'POST', 'MANAGE', 'admin', '', '/admin/system/sysRole/save', '127.0.0.1', '{\"param\":{},\"roleCode\":\"\",\"roleName\":\"\",\"id\":8}', '{\"code\":200,\"message\":\"\"}', 1, '', NULL, '2022-06-08 17:39:04', NULL, 0);
INSERT INTO `sys_oper_log` VALUES (38, '', 'UPDATE', 'com.atguigu.system.controller.SysRoleController.updateById()', 'PUT', 'MANAGE', 'admin', '', '/admin/system/sysRole/update', '127.0.0.1', '{\"isDeleted\":0,\"createTime\":1654681144000,\"param\":{},\"roleCode\":\"\",\"roleName\":\"\",\"updateTime\":1654681144000,\"id\":8}', '{\"code\":200,\"message\":\"\"}', 1, '', NULL, '2022-06-08 17:39:08', NULL, 0);
INSERT INTO `sys_oper_log` VALUES (39, '', 'UPDATE', 'com.atguigu.system.controller.SysRoleController.updateById()', 'PUT', 'MANAGE', 'admin', '', '/admin/system/sysRole/update', '127.0.0.1', '{\"isDeleted\":0,\"createTime\":1654681144000,\"param\":{},\"roleCode\":\"\",\"roleName\":\"\",\"updateTime\":1654681144000,\"id\":8}', '{\"code\":200,\"message\":\"\"}', 1, '', NULL, '2022-06-08 17:39:41', NULL, 0);
INSERT INTO `sys_oper_log` VALUES (40, '', 'UPDATE', 'com.atguigu.system.controller.SysRoleController.updateById()', 'PUT', 'MANAGE', 'admin', '', '/admin/system/sysRole/update', '127.0.0.1', '{\"isDeleted\":0,\"createTime\":1654681144000,\"param\":{},\"roleCode\":\"yhgly\",\"roleName\":\"\",\"updateTime\":1654681144000,\"id\":8}', '{\"code\":200,\"message\":\"\"}', 1, '', NULL, '2022-06-08 17:42:46', NULL, 0);
INSERT INTO `sys_oper_log` VALUES (41, '', 'INSERT', 'com.atguigu.system.controller.SysMenuController.save()', 'POST', 'MANAGE', 'admin', '', '/admin/system/sysMenu/save', '127.0.0.1', '{\"select\":false,\"icon\":\"el-icon-phone\",\"type\":0,\"parentId\":0,\"path\":\"order\",\"sortValue\":1,\"component\":\"Layout\",\"param\":{},\"name\":\"\",\"perms\":\"\",\"id\":35,\"status\":1}', '{\"code\":200,\"message\":\"\"}', 1, '', NULL, '2022-06-09 08:50:13', NULL, 0);
INSERT INTO `sys_oper_log` VALUES (42, '', 'UPDATE', 'com.atguigu.system.controller.SysMenuController.updateById()', 'PUT', 'MANAGE', 'admin', '', '/admin/system/sysMenu/update', '127.0.0.1', '{\"select\":false,\"icon\":\"el-icon-phone\",\"updateTime\":1654735813000,\"type\":0,\"parentId\":0,\"path\":\"order\",\"sortValue\":1,\"component\":\"Layout\",\"isDeleted\":0,\"children\":[],\"createTime\":1654735813000,\"param\":{},\"name\":\"\",\"perms\":\"\",\"id\":35,\"status\":1}', '{\"code\":200,\"message\":\"\"}', 1, '', NULL, '2022-06-09 08:50:22', NULL, 0);
INSERT INTO `sys_oper_log` VALUES (43, '', 'INSERT', 'com.atguigu.system.controller.SysMenuController.save()', 'POST', 'MANAGE', 'admin', '', '/admin/system/sysMenu/save', '127.0.0.1', '{\"select\":false,\"icon\":\"el-icon-s-help\",\"type\":1,\"parentId\":35,\"path\":\"orderInfo\",\"sortValue\":1,\"component\":\"order/orderInfo/list\",\"param\":{},\"name\":\"\",\"perms\":\"bnt.orderInfo.list\",\"id\":36,\"status\":1}', '{\"code\":200,\"message\":\"\"}', 1, '', NULL, '2022-06-09 08:51:22', NULL, 0);
INSERT INTO `sys_oper_log` VALUES (44, '', 'INSERT', 'com.atguigu.system.controller.SysMenuController.save()', 'POST', 'MANAGE', 'admin', '', '/admin/system/sysMenu/save', '127.0.0.1', '{\"select\":false,\"icon\":\"\",\"type\":2,\"parentId\":36,\"path\":\"\",\"sortValue\":1,\"component\":\"\",\"param\":{},\"name\":\"\",\"perms\":\"bnt.add\",\"id\":37,\"status\":1}', '{\"code\":200,\"message\":\"\"}', 1, '', NULL, '2022-06-09 08:52:37', NULL, 0);
INSERT INTO `sys_oper_log` VALUES (45, '', 'DELETE', 'com.atguigu.system.controller.SysMenuController.remove()', 'DELETE', 'MANAGE', 'admin', '', '/admin/system/sysMenu/remove/37', '127.0.0.1', '', '{\"code\":200,\"message\":\"\"}', 1, '', NULL, '2022-06-09 08:53:01', NULL, 0);
INSERT INTO `sys_oper_log` VALUES (46, '', 'DELETE', 'com.atguigu.system.controller.SysMenuController.remove()', 'DELETE', 'MANAGE', 'admin', '', '/admin/system/sysMenu/remove/36', '127.0.0.1', '', '{\"code\":200,\"message\":\"\"}', 1, '', NULL, '2022-06-09 08:53:04', NULL, 0);
INSERT INTO `sys_oper_log` VALUES (47, '', 'DELETE', 'com.atguigu.system.controller.SysMenuController.remove()', 'DELETE', 'MANAGE', 'admin', '', '/admin/system/sysMenu/remove/35', '127.0.0.1', '', '{\"code\":200,\"message\":\"\"}', 1, '', NULL, '2022-06-09 08:53:06', NULL, 0);
INSERT INTO `sys_oper_log` VALUES (48, '', 'UPDATE', 'com.atguigu.system.controller.SysMenuController.updateById()', 'PUT', 'MANAGE', 'admin', '', '/admin/system/sysMenu/update', '127.0.0.1', '{\"select\":false,\"icon\":\"el-icon-s-custom\",\"updateTime\":1654737767000,\"type\":1,\"parentId\":2,\"path\":\"sysUser\",\"sortValue\":1,\"component\":\"system/sysUser/list\",\"isDeleted\":0,\"children\":[{\"select\":false,\"updateTime\":1654737758000,\"type\":2,\"parentId\":3,\"sortValue\":1,\"isDeleted\":0,\"children\":[],\"createTime\":1622455537000,\"param\":{},\"name\":\"\",\"perms\":\"bnt.sysUser.list\",\"id\":6,\"status\":1},{\"select\":false,\"updateTime\":1654737758000,\"type\":2,\"parentId\":3,\"sortValue\":1,\"isDeleted\":0,\"children\":[],\"createTime\":1622455537000,\"param\":{},\"name\":\"\",\"perms\":\"bnt.sysUser.add\",\"id\":7,\"status\":1},{\"select\":false,\"updateTime\":1654737758000,\"type\":2,\"parentId\":3,\"sortValue\":1,\"isDeleted\":0,\"children\":[],\"createTime\":1622455537000,\"param\":{},\"name\":\"\",\"perms\":\"bnt.sysUser.update\",\"id\":8,\"status\":1},{\"select\":false,\"updateTime\":1654737758000,\"type\":2,\"parentId\":3,\"sortValue\":1,\"isDeleted\":0,\"children\":[],\"createTime\":1622455537000,\"param\":{},\"name\":\"\",\"perms\":\"bnt.sysUser.remove\",\"id\":9,\"status\":1},{\"select\":false,\"updateTime\":1654737758000,\"type\":2,\"parentId\":3,\"sortValue\":1,\"isDeleted\":0,\"children\":[],\"createTime\":1653297272000,\"param\":{},\"name\":\"\",\"perms\":\"bnt.sysUser.assignRole\",\"id\":18,\"status\":1}],\"createTime\":1622455537000,\"param\":{},\"name\":\"\",\"perms\":\"\",\"id\":3,\"status\":1}', '{\"code\":200,\"message\":\"\"}', 1, '', NULL, '2022-06-09 09:24:01', NULL, 0);
INSERT INTO `sys_oper_log` VALUES (49, '', 'UPDATE', 'com.atguigu.system.controller.SysMenuController.updateById()', 'PUT', 'MANAGE', 'admin', '', '/admin/system/sysMenu/update', '127.0.0.1', '{\"select\":false,\"icon\":\"el-icon-user-solid\",\"updateTime\":1654737768000,\"type\":1,\"parentId\":2,\"path\":\"sysRole\",\"sortValue\":1,\"component\":\"system/sysRole/list\",\"isDeleted\":0,\"children\":[{\"select\":false,\"updateTime\":1654737758000,\"type\":2,\"parentId\":4,\"sortValue\":1,\"isDeleted\":0,\"children\":[],\"createTime\":1622455537000,\"param\":{},\"name\":\"\",\"perms\":\"bnt.sysRole.list\",\"id\":10,\"status\":1},{\"select\":false,\"updateTime\":1654737758000,\"type\":2,\"parentId\":4,\"sortValue\":1,\"isDeleted\":0,\"children\":[],\"createTime\":1622455537000,\"param\":{},\"name\":\"\",\"perms\":\"bnt.sysRole.add\",\"id\":11,\"status\":1},{\"select\":false,\"updateTime\":1654737758000,\"type\":2,\"parentId\":4,\"sortValue\":1,\"isDeleted\":0,\"children\":[],\"createTime\":1622455537000,\"param\":{},\"name\":\"\",\"perms\":\"bnt.sysRole.update\",\"id\":12,\"status\":1},{\"select\":false,\"updateTime\":1654737758000,\"type\":2,\"parentId\":4,\"sortValue\":1,\"isDeleted\":0,\"children\":[],\"createTime\":1622455537000,\"param\":{},\"name\":\"\",\"perms\":\"bnt.sysRole.remove\",\"id\":13,\"status\":1},{\"select\":false,\"updateTime\":1654737758000,\"type\":2,\"parentId\":4,\"path\":\"\",\"sortValue\":1,\"component\":\"\",\"isDeleted\":0,\"children\":[],\"createTime\":1653297494000,\"param\":{},\"name\":\"\",\"perms\":\"bnt.sysRole.assignAuth\",\"id\":19,\"status\":1}],\"createTime\":1622455537000,\"param\":{},\"name\":\"\",\"perms\":\"\",\"id\":4,\"status\":1}', '{\"code\":200,\"message\":\"\"}', 1, '', NULL, '2022-06-09 09:24:10', NULL, 0);
INSERT INTO `sys_oper_log` VALUES (50, '', 'UPDATE', 'com.atguigu.system.controller.SysMenuController.updateById()', 'PUT', 'MANAGE', 'admin', '', '/admin/system/sysMenu/update', '127.0.0.1', '{\"select\":false,\"icon\":\"el-icon-s-unfold\",\"updateTime\":1654737769000,\"type\":1,\"parentId\":2,\"path\":\"sysMenu\",\"sortValue\":1,\"component\":\"system/sysMenu/list\",\"isDeleted\":0,\"children\":[{\"select\":false,\"updateTime\":1654737758000,\"type\":2,\"parentId\":5,\"sortValue\":1,\"isDeleted\":0,\"children\":[],\"createTime\":1622455537000,\"param\":{},\"name\":\"\",\"perms\":\"bnt.sysMenu.list\",\"id\":14,\"status\":1},{\"select\":false,\"updateTime\":1654737758000,\"type\":2,\"parentId\":5,\"sortValue\":1,\"isDeleted\":0,\"children\":[],\"createTime\":1622455537000,\"param\":{},\"name\":\"\",\"perms\":\"bnt.sysMenu.add\",\"id\":15,\"status\":1},{\"select\":false,\"updateTime\":1654737758000,\"type\":2,\"parentId\":5,\"sortValue\":1,\"isDeleted\":0,\"children\":[],\"createTime\":1622455537000,\"param\":{},\"name\":\"\",\"perms\":\"bnt.sysMenu.update\",\"id\":16,\"status\":1},{\"select\":false,\"updateTime\":1654737758000,\"type\":2,\"parentId\":5,\"sortValue\":1,\"isDeleted\":0,\"children\":[],\"createTime\":1622455537000,\"param\":{},\"name\":\"\",\"perms\":\"bnt.sysMenu.remove\",\"id\":17,\"status\":1}],\"createTime\":1622455537000,\"param\":{},\"name\":\"\",\"perms\":\"\",\"id\":5,\"status\":1}', '{\"code\":200,\"message\":\"\"}', 1, '', NULL, '2022-06-09 09:24:21', NULL, 0);
INSERT INTO `sys_oper_log` VALUES (51, '', 'UPDATE', 'com.atguigu.system.controller.SysMenuController.updateById()', 'PUT', 'MANAGE', 'admin', '', '/admin/system/sysMenu/update', '127.0.0.1', '{\"select\":false,\"icon\":\"el-icon-s-operation\",\"updateTime\":1654737776000,\"type\":1,\"parentId\":2,\"path\":\"sysDept\",\"sortValue\":1,\"component\":\"system/sysDept/list\",\"isDeleted\":0,\"children\":[{\"select\":false,\"updateTime\":1654737758000,\"type\":2,\"parentId\":20,\"sortValue\":1,\"isDeleted\":0,\"children\":[],\"createTime\":1653358064000,\"param\":{},\"name\":\"\",\"perms\":\"bnt.sysDept.list\",\"id\":21,\"status\":1},{\"select\":false,\"updateTime\":1654737758000,\"type\":2,\"parentId\":20,\"sortValue\":1,\"isDeleted\":0,\"children\":[],\"createTime\":1653463887000,\"param\":{},\"name\":\"\",\"perms\":\"bnt.sysDept.add\",\"id\":24,\"status\":1},{\"select\":false,\"updateTime\":1654737758000,\"type\":2,\"parentId\":20,\"sortValue\":1,\"isDeleted\":0,\"children\":[],\"createTime\":1653463901000,\"param\":{},\"name\":\"\",\"perms\":\"bnt.sysDept.update\",\"id\":25,\"status\":1},{\"select\":false,\"updateTime\":1654737758000,\"type\":2,\"parentId\":20,\"sortValue\":1,\"isDeleted\":0,\"children\":[],\"createTime\":1653463919000,\"param\":{},\"name\":\"\",\"perms\":\"bnt.sysDept.remove\",\"id\":26,\"status\":1}],\"createTime\":1653358025000,\"param\":{},\"name\":\"\",\"perms\":\"\",\"id\":20,\"status\":1}', '{\"code\":200,\"message\":\"\"}', 1, '', NULL, '2022-06-09 09:24:28', NULL, 0);
INSERT INTO `sys_oper_log` VALUES (52, '', 'UPDATE', 'com.atguigu.system.controller.SysMenuController.updateById()', 'PUT', 'MANAGE', 'admin', '', '/admin/system/sysMenu/update', '127.0.0.1', '{\"select\":false,\"icon\":\"el-icon-more-outline\",\"updateTime\":1654737777000,\"type\":1,\"parentId\":2,\"path\":\"sysPost\",\"sortValue\":1,\"component\":\"system/sysPost/list\",\"isDeleted\":0,\"children\":[{\"select\":false,\"updateTime\":1654737758000,\"type\":2,\"parentId\":22,\"sortValue\":1,\"isDeleted\":0,\"children\":[],\"createTime\":1653359145000,\"param\":{},\"name\":\"\",\"perms\":\"bnt.sysPost.list\",\"id\":23,\"status\":1},{\"select\":false,\"updateTime\":1654737758000,\"type\":2,\"parentId\":22,\"sortValue\":1,\"isDeleted\":0,\"children\":[],\"createTime\":1653463964000,\"param\":{},\"name\":\"\",\"perms\":\"bnt.sysPost.add\",\"id\":27,\"status\":1},{\"select\":false,\"updateTime\":1654737758000,\"type\":2,\"parentId\":22,\"sortValue\":1,\"isDeleted\":0,\"children\":[],\"createTime\":1653463978000,\"param\":{},\"name\":\"\",\"perms\":\"bnt.sysPost.update\",\"id\":28,\"status\":1},{\"select\":false,\"updateTime\":1654737758000,\"type\":2,\"parentId\":22,\"sortValue\":1,\"isDeleted\":0,\"children\":[],\"createTime\":1653463991000,\"param\":{},\"name\":\"\",\"perms\":\"bnt.sysPost.remove\",\"id\":29,\"status\":1}],\"createTime\":1653359130000,\"param\":{},\"name\":\"\",\"perms\":\"\",\"id\":22,\"status\":1}', '{\"code\":200,\"message\":\"\"}', 1, '', NULL, '2022-06-09 09:24:35', NULL, 0);
INSERT INTO `sys_oper_log` VALUES (53, '', 'UPDATE', 'com.atguigu.system.controller.SysMenuController.updateById()', 'PUT', 'MANAGE', 'admin', '', '/admin/system/sysMenu/update', '127.0.0.1', '{\"select\":false,\"icon\":\"el-icon-tickets\",\"updateTime\":1653974966000,\"type\":0,\"parentId\":2,\"path\":\"log\",\"sortValue\":1,\"component\":\"ParentView\",\"isDeleted\":0,\"children\":[{\"select\":false,\"updateTime\":1654737785000,\"type\":1,\"parentId\":34,\"path\":\"sysOperLog\",\"sortValue\":1,\"component\":\"system/sysOperLog/list\",\"isDeleted\":0,\"children\":[{\"select\":false,\"updateTime\":1654737758000,\"type\":2,\"parentId\":30,\"sortValue\":1,\"isDeleted\":0,\"children\":[],\"createTime\":1653552617000,\"param\":{},\"name\":\"\",\"perms\":\"bnt.sysOperLog.list\",\"id\":31,\"status\":1}],\"createTime\":1653552599000,\"param\":{},\"name\":\"\",\"perms\":\"\",\"id\":30,\"status\":1},{\"select\":false,\"updateTime\":1654737787000,\"type\":1,\"parentId\":34,\"path\":\"sysLoginLog\",\"sortValue\":1,\"component\":\"system/sysLoginLog/list\",\"isDeleted\":0,\"children\":[{\"select\":false,\"updateTime\":1654737758000,\"type\":2,\"parentId\":32,\"sortValue\":1,\"isDeleted\":0,\"children\":[],\"createTime\":1653554191000,\"param\":{},\"name\":\"\",\"id\":33,\"status\":1}],\"createTime\":1653554173000,\"param\":{},\"name\":\"\",\"perms\":\"\",\"id\":32,\"status\":1}],\"createTime\":1653974587000,\"param\":{},\"name\":\"\",\"perms\":\"\",\"id\":34,\"status\":1}', '{\"code\":200,\"message\":\"\"}', 1, '', NULL, '2022-06-09 09:24:46', NULL, 0);
INSERT INTO `sys_oper_log` VALUES (54, '', 'UPDATE', 'com.atguigu.system.controller.SysMenuController.updateById()', 'PUT', 'MANAGE', 'admin', '', '/admin/system/sysMenu/update', '127.0.0.1', '{\"select\":false,\"icon\":\"el-icon-document-remove\",\"updateTime\":1654737785000,\"type\":1,\"parentId\":34,\"path\":\"sysOperLog\",\"sortValue\":1,\"component\":\"system/sysOperLog/list\",\"isDeleted\":0,\"children\":[{\"select\":false,\"updateTime\":1654737758000,\"type\":2,\"parentId\":30,\"sortValue\":1,\"isDeleted\":0,\"children\":[],\"createTime\":1653552617000,\"param\":{},\"name\":\"\",\"perms\":\"bnt.sysOperLog.list\",\"id\":31,\"status\":1}],\"createTime\":1653552599000,\"param\":{},\"name\":\"\",\"perms\":\"\",\"id\":30,\"status\":1}', '{\"code\":200,\"message\":\"\"}', 1, '', NULL, '2022-06-09 09:24:55', NULL, 0);
INSERT INTO `sys_oper_log` VALUES (55, '', 'UPDATE', 'com.atguigu.system.controller.SysMenuController.updateById()', 'PUT', 'MANAGE', 'admin', '', '/admin/system/sysMenu/update', '127.0.0.1', '{\"select\":false,\"icon\":\"el-icon-s-goods\",\"updateTime\":1654737787000,\"type\":1,\"parentId\":34,\"path\":\"sysLoginLog\",\"sortValue\":1,\"component\":\"system/sysLoginLog/list\",\"isDeleted\":0,\"children\":[{\"select\":false,\"updateTime\":1654737758000,\"type\":2,\"parentId\":32,\"sortValue\":1,\"isDeleted\":0,\"children\":[],\"createTime\":1653554191000,\"param\":{},\"name\":\"\",\"id\":33,\"status\":1}],\"createTime\":1653554173000,\"param\":{},\"name\":\"\",\"perms\":\"\",\"id\":32,\"status\":1}', '{\"code\":200,\"message\":\"\"}', 1, '', NULL, '2022-06-09 09:25:07', NULL, 0);
INSERT INTO `sys_oper_log` VALUES (56, '', 'DELETE', 'com.atguigu.system.controller.SysUserController.remove()', 'DELETE', 'MANAGE', 'admin', '', '/admin/system/sysUser/remove/4', '127.0.0.1', '', '{\"code\":200,\"message\":\"\"}', 1, '', NULL, '2022-06-09 09:25:21', NULL, 0);
INSERT INTO `sys_oper_log` VALUES (57, '', 'UPDATE', 'com.atguigu.system.controller.SysMenuController.updateById()', 'PUT', 'MANAGE', 'admin', '', '/admin/system/sysMenu/update', '127.0.0.1', '{\"select\":false,\"updateTime\":1654737758000,\"type\":2,\"parentId\":4,\"path\":\"assignAuth\",\"sortValue\":1,\"component\":\"system/sysRole/assignAuth\",\"isDeleted\":0,\"children\":[],\"createTime\":1653297494000,\"param\":{},\"name\":\"\",\"perms\":\"bnt.sysRole.assignAuth\",\"id\":19,\"status\":1}', '{\"code\":200,\"message\":\"\"}', 1, '', NULL, '2022-06-09 09:26:07', NULL, 0);
INSERT INTO `sys_oper_log` VALUES (58, '', 'ASSGIN', 'com.atguigu.system.controller.SysMenuController.doAssign()', 'POST', 'MANAGE', 'admin', '', '/admin/system/sysMenu/doAssign', '127.0.0.1', '{\"roleId\":2,\"menuIdList\":[2,3,6,7,8,5,14,20,21]}', '{\"code\":200,\"message\":\"\"}', 1, '', NULL, '2022-06-09 09:26:34', NULL, 0);
INSERT INTO `sys_oper_log` VALUES (59, '', 'INSERT', 'com.atguigu.system.controller.SysMenuController.save()', 'POST', 'MANAGE', 'admin', '', '/admin/system/sysMenu/save', '127.0.0.1', '{\"select\":false,\"icon\":\"el-icon-s-help\",\"type\":0,\"parentId\":0,\"path\":\"vod\",\"sortValue\":1,\"component\":\"Layout\",\"param\":{},\"name\":\"\",\"perms\":\"\",\"id\":35,\"status\":1}', '{\"code\":200,\"message\":\"\"}', 1, '', NULL, '2022-06-10 15:26:53', NULL, 0);
INSERT INTO `sys_oper_log` VALUES (60, '', 'INSERT', 'com.atguigu.system.controller.SysMenuController.save()', 'POST', 'MANAGE', 'admin', '', '/admin/system/sysMenu/save', '127.0.0.1', '{\"select\":false,\"icon\":\"el-icon-phone\",\"type\":1,\"parentId\":35,\"path\":\"teacher/list\",\"sortValue\":1,\"component\":\"vod/teacher/list\",\"param\":{},\"name\":\"\",\"perms\":\"\",\"id\":36,\"status\":1}', '{\"code\":200,\"message\":\"\"}', 1, '', NULL, '2022-06-10 15:27:38', NULL, 0);
INSERT INTO `sys_oper_log` VALUES (61, '', 'INSERT', 'com.atguigu.system.controller.SysMenuController.save()', 'POST', 'MANAGE', 'admin', '', '/admin/system/sysMenu/save', '127.0.0.1', '{\"select\":false,\"icon\":\"\",\"type\":2,\"parentId\":36,\"path\":\"teacher/create\",\"sortValue\":1,\"component\":\"vod/teacher/form\",\"param\":{},\"name\":\"\",\"perms\":\"bnt.teacher.add\",\"id\":37,\"status\":1}', '{\"code\":200,\"message\":\"\"}', 1, '', NULL, '2022-06-10 15:28:27', NULL, 0);
INSERT INTO `sys_oper_log` VALUES (62, '', 'INSERT', 'com.atguigu.system.controller.SysMenuController.save()', 'POST', 'MANAGE', 'admin', '', '/admin/system/sysMenu/save', '127.0.0.1', '{\"select\":false,\"icon\":\"\",\"type\":2,\"parentId\":36,\"path\":\"teacher/edit/:id\",\"sortValue\":1,\"component\":\"vod/teacher/form\",\"param\":{},\"name\":\"\",\"perms\":\"bnt.teacher.update\",\"id\":38,\"status\":1}', '{\"code\":200,\"message\":\"\"}', 1, '', NULL, '2022-06-10 15:29:13', NULL, 0);
INSERT INTO `sys_oper_log` VALUES (63, '', 'INSERT', 'com.atguigu.system.controller.SysMenuController.save()', 'POST', 'MANAGE', 'admin', '', '/admin/system/sysMenu/save', '127.0.0.1', '{\"select\":false,\"icon\":\"\",\"type\":2,\"parentId\":36,\"path\":\"\",\"sortValue\":1,\"component\":\"\",\"param\":{},\"name\":\"\",\"perms\":\"bnt.teacher.list\",\"id\":39,\"status\":1}', '{\"code\":200,\"message\":\"\"}', 1, '', NULL, '2022-06-10 15:35:30', NULL, 0);
INSERT INTO `sys_oper_log` VALUES (64, '', 'INSERT', 'com.atguigu.system.controller.SysMenuController.save()', 'POST', 'MANAGE', 'admin', '', '/admin/system/sysMenu/save', '127.0.0.1', '{\"select\":false,\"icon\":\"el-icon-setting\",\"type\":0,\"parentId\":0,\"path\":\"oaSet\",\"sortValue\":1,\"component\":\"Layout\",\"param\":{},\"name\":\"\",\"perms\":\"\",\"id\":35,\"status\":1}', '{\"code\":200,\"message\":\"\"}', 1, '', NULL, '2022-12-01 09:32:46', NULL, 0);
INSERT INTO `sys_oper_log` VALUES (65, '', 'INSERT', 'com.atguigu.system.controller.SysMenuController.save()', 'POST', 'MANAGE', 'admin', '', '/admin/system/sysMenu/save', '127.0.0.1', '{\"select\":false,\"icon\":\"el-icon-s-help\",\"type\":1,\"parentId\":35,\"path\":\"form\",\"sortValue\":1,\"component\":\"oaSet/form/list\",\"param\":{},\"name\":\"\",\"perms\":\"\",\"id\":36,\"status\":1}', '{\"code\":200,\"message\":\"\"}', 1, '', NULL, '2022-12-01 09:37:08', NULL, 0);
INSERT INTO `sys_oper_log` VALUES (66, '', 'INSERT', 'com.atguigu.system.controller.SysMenuController.save()', 'POST', 'MANAGE', 'admin', '', '/admin/system/sysMenu/save', '127.0.0.1', '{\"select\":false,\"icon\":\"\",\"type\":2,\"parentId\":36,\"path\":\"\",\"sortValue\":1,\"component\":\"\",\"param\":{},\"name\":\"\",\"perms\":\"bnt.form.list\",\"id\":37,\"status\":1}', '{\"code\":200,\"message\":\"\"}', 1, '', NULL, '2022-12-01 09:37:49', NULL, 0);
INSERT INTO `sys_oper_log` VALUES (67, '', 'UPDATE', 'com.atguigu.system.controller.SysMenuController.updateById()', 'PUT', 'MANAGE', 'admin', '', '/admin/system/sysMenu/update', '127.0.0.1', '{\"select\":false,\"icon\":\"el-icon-s-help\",\"updateTime\":1669858628000,\"type\":1,\"parentId\":35,\"path\":\"form\",\"sortValue\":1,\"component\":\"oaSet/form/list\",\"isDeleted\":0,\"children\":[{\"select\":false,\"icon\":\"\",\"updateTime\":1669858669000,\"type\":2,\"parentId\":36,\"path\":\"\",\"sortValue\":1,\"component\":\"\",\"isDeleted\":0,\"children\":[],\"createTime\":1669858669000,\"param\":{},\"name\":\"\",\"perms\":\"bnt.form.list\",\"id\":37,\"status\":1}],\"createTime\":1669858628000,\"param\":{},\"name\":\"\",\"perms\":\"\",\"id\":36,\"status\":1}', '{\"code\":200,\"message\":\"\"}', 1, '', NULL, '2022-12-01 14:49:05', NULL, 0);
INSERT INTO `sys_oper_log` VALUES (68, '', 'INSERT', 'com.atguigu.system.controller.SysMenuController.save()', 'POST', 'MANAGE', 'admin', '', '/admin/system/sysMenu/save', '127.0.0.1', '{\"select\":false,\"icon\":\"\",\"type\":2,\"parentId\":36,\"path\":\"formSet\",\"sortValue\":1,\"component\":\"oaSet/form/formSet\",\"param\":{},\"name\":\"\",\"perms\":\"bnt.form.formSet\",\"id\":38,\"status\":1}', '{\"code\":200,\"message\":\"\"}', 1, '', NULL, '2022-12-01 14:52:08', NULL, 0);
INSERT INTO `sys_oper_log` VALUES (69, '', 'UPDATE', 'com.atguigu.system.controller.SysMenuController.updateById()', 'PUT', 'MANAGE', 'admin', '', '/admin/system/sysMenu/update', '127.0.0.1', '{\"select\":false,\"icon\":\"el-icon-s-help\",\"updateTime\":1669858628000,\"type\":1,\"parentId\":35,\"path\":\"processTemplate\",\"sortValue\":1,\"component\":\"oaSet/processTemplate/list\",\"isDeleted\":0,\"children\":[{\"select\":false,\"icon\":\"\",\"updateTime\":1669858669000,\"type\":2,\"parentId\":36,\"path\":\"\",\"sortValue\":1,\"component\":\"\",\"isDeleted\":0,\"children\":[],\"createTime\":1669858669000,\"param\":{},\"name\":\"\",\"perms\":\"bnt.form.list\",\"id\":37,\"status\":1},{\"select\":false,\"icon\":\"\",\"updateTime\":1669877528000,\"type\":2,\"parentId\":36,\"path\":\"formSet\",\"sortValue\":1,\"component\":\"oaSet/form/formSet\",\"isDeleted\":0,\"children\":[],\"createTime\":1669877528000,\"param\":{},\"name\":\"\",\"perms\":\"bnt.form.formSet\",\"id\":38,\"status\":1}],\"createTime\":1669858628000,\"param\":{},\"name\":\"\",\"perms\":\"\",\"id\":36,\"status\":1}', '{\"code\":200,\"message\":\"\"}', 1, '', NULL, '2022-12-02 14:44:27', NULL, 0);
INSERT INTO `sys_oper_log` VALUES (70, '', 'UPDATE', 'com.atguigu.system.controller.SysMenuController.updateById()', 'PUT', 'MANAGE', 'admin', '', '/admin/system/sysMenu/update', '127.0.0.1', '{\"select\":false,\"icon\":\"\",\"updateTime\":1669858669000,\"type\":2,\"parentId\":36,\"path\":\"\",\"sortValue\":1,\"component\":\"\",\"isDeleted\":0,\"children\":[],\"createTime\":1669858669000,\"param\":{},\"name\":\"\",\"perms\":\"bnt.processTemplate.list\",\"id\":37,\"status\":1}', '{\"code\":200,\"message\":\"\"}', 1, '', NULL, '2022-12-02 14:44:38', NULL, 0);
INSERT INTO `sys_oper_log` VALUES (71, '', 'UPDATE', 'com.atguigu.system.controller.SysMenuController.updateById()', 'PUT', 'MANAGE', 'admin', '', '/admin/system/sysMenu/update', '127.0.0.1', '{\"select\":false,\"icon\":\"\",\"updateTime\":1669877528000,\"type\":2,\"parentId\":36,\"path\":\"formSet\",\"sortValue\":1,\"component\":\"oaSet/processTemplate/formSet\",\"isDeleted\":0,\"children\":[],\"createTime\":1669877528000,\"param\":{},\"name\":\"\",\"perms\":\"bnt.processTemplate.formSet\",\"id\":38,\"status\":1}', '{\"code\":200,\"message\":\"\"}', 1, '', NULL, '2022-12-02 14:44:50', NULL, 0);
INSERT INTO `sys_oper_log` VALUES (72, '', 'INSERT', 'com.atguigu.system.controller.SysMenuController.save()', 'POST', 'MANAGE', 'admin', '', '/admin/system/sysMenu/save', '127.0.0.1', '{\"select\":false,\"icon\":\"el-icon-s-unfold\",\"type\":1,\"parentId\":35,\"path\":\"processType\",\"sortValue\":1,\"component\":\"/oaSet/ProcessType/list\",\"param\":{},\"name\":\"\",\"perms\":\"\",\"id\":39,\"status\":1}', '{\"code\":200,\"message\":\"\"}', 1, '', NULL, '2022-12-02 14:46:18', NULL, 0);
INSERT INTO `sys_oper_log` VALUES (73, '', 'INSERT', 'com.atguigu.system.controller.SysMenuController.save()', 'POST', 'MANAGE', 'admin', '', '/admin/system/sysMenu/save', '127.0.0.1', '{\"select\":false,\"icon\":\"\",\"type\":2,\"parentId\":39,\"path\":\"\",\"sortValue\":1,\"component\":\"\",\"param\":{},\"name\":\"\",\"perms\":\"bnt.processType.list\",\"id\":40,\"status\":1}', '{\"code\":200,\"message\":\"\"}', 1, '', NULL, '2022-12-02 14:46:41', NULL, 0);
INSERT INTO `sys_oper_log` VALUES (74, '', 'UPDATE', 'com.atguigu.system.controller.SysMenuController.updateById()', 'PUT', 'MANAGE', 'admin', '', '/admin/system/sysMenu/update', '127.0.0.1', '{\"select\":false,\"icon\":\"el-icon-setting\",\"updateTime\":1669858366000,\"type\":0,\"parentId\":0,\"path\":\"processSet\",\"sortValue\":1,\"component\":\"Layout\",\"isDeleted\":0,\"children\":[{\"select\":false,\"icon\":\"el-icon-s-help\",\"updateTime\":1669858628000,\"type\":1,\"parentId\":35,\"path\":\"processTemplate\",\"sortValue\":1,\"component\":\"oaSet/processTemplate/list\",\"isDeleted\":0,\"children\":[{\"select\":false,\"icon\":\"\",\"updateTime\":1669858669000,\"type\":2,\"parentId\":36,\"path\":\"\",\"sortValue\":1,\"component\":\"\",\"isDeleted\":0,\"children\":[],\"createTime\":1669858669000,\"param\":{},\"name\":\"\",\"perms\":\"bnt.processTemplate.list\",\"id\":37,\"status\":1},{\"select\":false,\"icon\":\"\",\"updateTime\":1669877528000,\"type\":2,\"parentId\":36,\"path\":\"formSet\",\"sortValue\":1,\"component\":\"oaSet/processTemplate/formSet\",\"isDeleted\":0,\"children\":[],\"createTime\":1669877528000,\"param\":{},\"name\":\"\",\"perms\":\"bnt.processTemplate.formSet\",\"id\":38,\"status\":1}],\"createTime\":1669858628000,\"param\":{},\"name\":\"\",\"perms\":\"\",\"id\":36,\"status\":1},{\"select\":false,\"icon\":\"el-icon-s-unfold\",\"updateTime\":1669963578000,\"type\":1,\"parentId\":35,\"path\":\"processType\",\"sortValue\":1,\"component\":\"/oaSet/ProcessType/list\",\"isDeleted\":0,\"children\":[{\"select\":false,\"icon\":\"\",\"updateTime\":1669963601000,\"type\":2,\"parentId\":39,\"path\":\"\",\"sortValue\":1,\"component\":\"\",\"isDeleted\":0,\"children\":[],\"createTime\":1669963601000,\"param\":{},\"name\":\"\",\"perms\":\"bnt.processType.list\",\"id\":40,\"status\":1}],\"createTime\":1669963578000,\"param\":{},\"name\":\"\",\"perms\":\"\",\"id\":39,\"status\":1}],\"createTime\":1669858366000,\"param\":{},\"name\":\"\",\"perms\":\"\",\"id\":35,\"status\":1}', '{\"code\":200,\"message\":\"\"}', 1, '', NULL, '2022-12-02 14:47:12', NULL, 0);
INSERT INTO `sys_oper_log` VALUES (75, '', 'INSERT', 'com.atguigu.system.controller.SysMenuController.save()', 'POST', 'MANAGE', 'admin', '', '/admin/system/sysMenu/save', '127.0.0.1', '{\"select\":false,\"icon\":\"el-icon-more-outline\",\"type\":0,\"parentId\":0,\"path\":\"processMgr\",\"sortValue\":1,\"component\":\"Layout\",\"param\":{},\"name\":\"\",\"perms\":\"\",\"id\":41,\"status\":1}', '{\"code\":200,\"message\":\"\"}', 1, '', NULL, '2022-12-02 14:48:11', NULL, 0);
INSERT INTO `sys_oper_log` VALUES (76, '', 'INSERT', 'com.atguigu.system.controller.SysMenuController.save()', 'POST', 'MANAGE', 'admin', '', '/admin/system/sysMenu/save', '127.0.0.1', '{\"select\":false,\"icon\":\"el-icon-document-remove\",\"type\":1,\"parentId\":41,\"path\":\"process\",\"sortValue\":1,\"component\":\"/processMgr/process/list\",\"param\":{},\"name\":\"\",\"perms\":\"\",\"id\":42,\"status\":1}', '{\"code\":200,\"message\":\"\"}', 1, '', NULL, '2022-12-02 14:49:06', NULL, 0);
INSERT INTO `sys_oper_log` VALUES (77, '', 'INSERT', 'com.atguigu.system.controller.SysMenuController.save()', 'POST', 'MANAGE', 'admin', '', '/admin/system/sysMenu/save', '127.0.0.1', '{\"select\":false,\"icon\":\"\",\"type\":2,\"parentId\":42,\"path\":\"\",\"sortValue\":1,\"component\":\"\",\"param\":{},\"name\":\"\",\"perms\":\"bnt.process.list\",\"id\":43,\"status\":1}', '{\"code\":200,\"message\":\"\"}', 1, '', NULL, '2022-12-02 14:49:24', NULL, 0);
INSERT INTO `sys_oper_log` VALUES (78, '', 'UPDATE', 'com.atguigu.system.controller.SysMenuController.updateById()', 'PUT', 'MANAGE', 'admin', '', '/admin/system/sysMenu/update', '127.0.0.1', '{\"select\":false,\"icon\":\"\",\"updateTime\":1669964346000,\"type\":2,\"parentId\":36,\"path\":\"templateSet\",\"sortValue\":1,\"component\":\"processSet/processTemplate/templateSet\",\"isDeleted\":0,\"children\":[],\"createTime\":1669877528000,\"param\":{},\"name\":\"\",\"perms\":\"bnt.processTemplate.templateSet\",\"id\":38,\"status\":1}', '{\"code\":200,\"message\":\"\"}', 1, '', NULL, '2022-12-05 14:22:20', NULL, 0);
INSERT INTO `sys_oper_log` VALUES (79, '', 'UPDATE', 'com.atguigu.system.controller.SysPostController.updateById()', 'PUT', 'MANAGE', 'admin', '', '/admin/system/sysPost/update', '127.0.0.1', '{\"isDeleted\":0,\"createTime\":1653359648000,\"param\":{},\"name\":\"\",\"description\":\"2\",\"postCode\":\"jl\",\"id\":6,\"status\":1}', '{\"code\":200,\"message\":\"\"}', 1, '', NULL, '2022-12-07 16:00:36', NULL, 0);
INSERT INTO `sys_oper_log` VALUES (80, '', 'UPDATE', 'com.atguigu.system.controller.SysPostController.updateById()', 'PUT', 'MANAGE', 'admin', '', '/admin/system/sysPost/update', '127.0.0.1', '{\"isDeleted\":0,\"createTime\":1654679661000,\"param\":{},\"name\":\"\",\"description\":\"\",\"postCode\":\"zjl\",\"id\":8,\"status\":1}', '{\"code\":200,\"message\":\"\"}', 1, '', NULL, '2022-12-07 16:01:13', NULL, 0);
INSERT INTO `sys_oper_log` VALUES (81, '', 'UPDATE', 'com.atguigu.system.controller.SysPostController.updateById()', 'PUT', 'MANAGE', 'admin', '', '/admin/system/sysPost/update', '127.0.0.1', '{\"isDeleted\":0,\"createTime\":1653359633000,\"param\":{},\"name\":\"\",\"description\":\"1\",\"postCode\":\"rsjl\",\"id\":5,\"status\":1}', '{\"code\":200,\"message\":\"\"}', 1, '', NULL, '2022-12-07 16:03:05', NULL, 0);
INSERT INTO `sys_oper_log` VALUES (82, '', 'INSERT', 'com.atguigu.system.controller.SysPostController.save()', 'POST', 'MANAGE', 'admin', '', '/admin/system/sysPost/save', '127.0.0.1', '{\"param\":{},\"name\":\"\",\"description\":\"\",\"postCode\":\"bj\",\"id\":9,\"status\":1}', '{\"code\":200,\"message\":\"\"}', 1, '', NULL, '2022-12-07 16:04:10', NULL, 0);
INSERT INTO `sys_oper_log` VALUES (83, '', 'UPDATE', 'com.atguigu.system.controller.SysUserController.updateById()', 'PUT', 'MANAGE', 'admin', '', '/admin/system/sysUser/update', '127.0.0.1', '{\"openId\":\"omwf25izKON9dktgoy0dogqvnGhk\",\"deptId\":1021,\"updateTime\":1670309043000,\"postId\":9,\"password\":\"96e79218965eb72c92a549dd5a330112\",\"isDeleted\":0,\"createTime\":1670290351000,\"param\":{},\"phone\":\"15245632152\",\"name\":\"test\",\"id\":4,\"status\":1,\"username\":\"test\"}', '{\"code\":200,\"message\":\"\"}', 1, '', NULL, '2022-12-07 16:04:35', NULL, 0);
INSERT INTO `sys_oper_log` VALUES (84, '', 'UPDATE', 'com.atguigu.system.controller.SysUserController.updateById()', 'PUT', 'MANAGE', 'admin', '', '/admin/system/sysUser/update', '127.0.0.1', '{\"openId\":\"omwf25izKON9dktgoy0dogqvnGhk\",\"deptId\":10,\"headUrl\":\"http://r61cnlsfq.hn-bkt.clouddn.com/7daa4595-dfde-45da-8513-c5c2b81d20cc\",\"updateTime\":1653449665000,\"postId\":8,\"password\":\"96e79218965eb72c92a549dd5a330112\",\"isDeleted\":0,\"createTime\":1622455723000,\"param\":{},\"phone\":\"15099909888\",\"name\":\"admin\",\"id\":1,\"status\":1,\"username\":\"admin\"}', '{\"code\":200,\"message\":\"\"}', 1, '', NULL, '2022-12-07 16:05:08', NULL, 0);
INSERT INTO `sys_oper_log` VALUES (85, '', 'UPDATE', 'com.atguigu.system.controller.SysUserController.updateById()', 'PUT', 'MANAGE', 'admin', '', '/admin/system/sysUser/update', '127.0.0.1', '{\"openId\":\"omwf25izKON9dktgoy0dogqvnGhk\",\"deptId\":1022,\"headUrl\":\"http://r61cnlsfq.hn-bkt.clouddn.com/b09b3467-3d99-437a-bd2e-dd8c9be92bb8\",\"updateTime\":1670309041000,\"postId\":6,\"password\":\"96e79218965eb72c92a549dd5a330112\",\"isDeleted\":0,\"createTime\":1644287738000,\"param\":{},\"phone\":\"15010546381\",\"name\":\"\",\"id\":2,\"status\":1,\"username\":\"jingli\"}', '{\"code\":200,\"message\":\"\"}', 1, '', NULL, '2022-12-07 16:45:23', NULL, 0);
INSERT INTO `sys_oper_log` VALUES (86, '', 'UPDATE', 'com.atguigu.system.controller.SysUserController.updateById()', 'PUT', 'MANAGE', 'admin', '', '/admin/system/sysUser/update', '127.0.0.1', '{\"openId\":\"omwf25izKON9dktgoy0dogqvnGhk\",\"deptId\":1024,\"updateTime\":1670309042000,\"postId\":5,\"password\":\"96e79218965eb72c92a549dd5a330112\",\"isDeleted\":0,\"createTime\":1653361540000,\"param\":{},\"phone\":\"18909098909\",\"name\":\"\",\"id\":3,\"status\":1,\"username\":\"rsjl\"}', '{\"code\":200,\"message\":\"\"}', 1, '', NULL, '2022-12-07 16:46:02', NULL, 0);
INSERT INTO `sys_oper_log` VALUES (87, '', 'INSERT', 'com.atguigu.system.controller.SysUserController.save()', 'POST', 'MANAGE', 'admin', '', '/admin/system/sysUser/save', '127.0.0.1', '{\"deptId\":10,\"postId\":8,\"password\":\"96e79218965eb72c92a549dd5a330112\",\"param\":{},\"phone\":\"16325412563\",\"name\":\"\",\"id\":5,\"status\":1,\"username\":\"zjl\"}', '{\"code\":200,\"message\":\"\"}', 1, '', NULL, '2022-12-07 16:47:00', NULL, 0);
INSERT INTO `sys_oper_log` VALUES (88, '', 'INSERT', 'com.atguigu.system.controller.SysPostController.save()', 'POST', 'MANAGE', 'admin', '', '/admin/system/sysPost/save', '127.0.0.1', '{\"param\":{},\"name\":\"\",\"description\":\"\",\"postCode\":\"js\",\"id\":10,\"status\":1}', '{\"code\":200,\"message\":\"\"}', 1, '', NULL, '2022-12-07 16:47:34', NULL, 0);
INSERT INTO `sys_oper_log` VALUES (89, '', 'UPDATE', 'com.atguigu.system.controller.SysUserController.updateById()', 'PUT', 'MANAGE', 'admin', '', '/admin/system/sysUser/update', '127.0.0.1', '{\"openId\":\"omwf25izKON9dktgoy0dogqvnGhk\",\"deptId\":1021,\"updateTime\":1670309043000,\"postId\":10,\"password\":\"96e79218965eb72c92a549dd5a330112\",\"isDeleted\":0,\"createTime\":1670290351000,\"param\":{},\"phone\":\"15245632152\",\"name\":\"\",\"id\":4,\"status\":1,\"username\":\"lijiangshi\"}', '{\"code\":200,\"message\":\"\"}', 1, '', NULL, '2022-12-07 16:49:32', NULL, 0);
INSERT INTO `sys_oper_log` VALUES (90, '', 'INSERT', 'com.atguigu.system.controller.SysDeptController.save()', 'POST', 'MANAGE', 'admin', '', '/admin/system/sysDept/save', '127.0.0.1', '{\"leader\":\"\",\"parentId\":1,\"param\":{},\"phone\":\"\",\"name\":\"\",\"id\":2018,\"treePath\":\",1,1,\"}', '{\"code\":200,\"message\":\"\"}', 1, '', NULL, '2022-12-07 16:49:56', NULL, 0);
INSERT INTO `sys_oper_log` VALUES (91, '', 'UPDATE', 'com.atguigu.system.controller.SysUserController.updateById()', 'PUT', 'MANAGE', 'admin', '', '/admin/system/sysUser/update', '127.0.0.1', '{\"openId\":\"omwf25izKON9dktgoy0dogqvnGhk\",\"deptId\":2018,\"updateTime\":1670309042000,\"postId\":5,\"password\":\"96e79218965eb72c92a549dd5a330112\",\"isDeleted\":0,\"createTime\":1653361540000,\"param\":{},\"phone\":\"18909098909\",\"name\":\"\",\"id\":3,\"status\":1,\"username\":\"rsjl\"}', '{\"code\":200,\"message\":\"\"}', 1, '', NULL, '2022-12-07 16:50:12', NULL, 0);
INSERT INTO `sys_oper_log` VALUES (92, '', 'INSERT', 'com.atguigu.system.controller.SysMenuController.save()', 'POST', 'MANAGE', 'admin', '', '/admin/system/sysMenu/save', '127.0.0.1', '{\"select\":false,\"icon\":\"\",\"type\":2,\"parentId\":36,\"path\":\"onlineProcessSet\",\"sortValue\":1,\"component\":\"processSet/processTemplate/onlineProcessSet\",\"param\":{},\"name\":\"\",\"perms\":\"bnt.processTemplate.onlineProcessSet\",\"id\":44,\"status\":1}', '{\"code\":200,\"message\":\"\"}', 1, '', NULL, '2022-12-08 10:13:15', NULL, 0);
INSERT INTO `sys_oper_log` VALUES (93, '', 'INSERT', 'com.atguigu.system.controller.SysMenuController.save()', 'POST', 'MANAGE', 'admin', '', '/admin/system/sysMenu/save', '127.0.0.1', '{\"select\":false,\"icon\":\"\",\"type\":2,\"parentId\":39,\"path\":\"\",\"sortValue\":1,\"component\":\"\",\"param\":{},\"name\":\"\",\"perms\":\"bnt.processType.add\",\"id\":45,\"status\":1}', '{\"code\":200,\"message\":\"\"}', 1, '', NULL, '2022-12-09 09:14:53', NULL, 0);
INSERT INTO `sys_oper_log` VALUES (94, '', 'INSERT', 'com.atguigu.system.controller.SysMenuController.save()', 'POST', 'MANAGE', 'admin', '', '/admin/system/sysMenu/save', '127.0.0.1', '{\"select\":false,\"icon\":\"\",\"type\":2,\"parentId\":39,\"path\":\"\",\"sortValue\":1,\"component\":\"\",\"param\":{},\"name\":\"\",\"perms\":\"bnt.processType.update\",\"id\":46,\"status\":1}', '{\"code\":200,\"message\":\"\"}', 1, '', NULL, '2022-12-09 09:15:10', NULL, 0);
INSERT INTO `sys_oper_log` VALUES (95, '', 'INSERT', 'com.atguigu.system.controller.SysMenuController.save()', 'POST', 'MANAGE', 'admin', '', '/admin/system/sysMenu/save', '127.0.0.1', '{\"select\":false,\"icon\":\"\",\"type\":2,\"parentId\":39,\"path\":\"\",\"sortValue\":1,\"component\":\"\",\"param\":{},\"name\":\"\",\"perms\":\"bnt.processType.remove\",\"id\":47,\"status\":1}', '{\"code\":200,\"message\":\"\"}', 1, '', NULL, '2022-12-09 09:15:25', NULL, 0);
INSERT INTO `sys_oper_log` VALUES (96, '', 'INSERT', 'com.atguigu.system.controller.SysMenuController.save()', 'POST', 'MANAGE', 'admin', '', '/admin/system/sysMenu/save', '127.0.0.1', '{\"select\":false,\"icon\":\"\",\"type\":2,\"parentId\":36,\"path\":\"\",\"sortValue\":1,\"component\":\"\",\"param\":{},\"name\":\"\",\"perms\":\"bnt.processTemplate.remove\",\"id\":48,\"status\":1}', '{\"code\":200,\"message\":\"\"}', 1, '', NULL, '2022-12-09 09:22:29', NULL, 0);
INSERT INTO `sys_oper_log` VALUES (97, '', 'INSERT', 'com.atguigu.system.controller.SysMenuController.save()', 'POST', 'MANAGE', 'admin', '', '/admin/system/sysMenu/save', '127.0.0.1', '{\"select\":false,\"icon\":\"\",\"type\":2,\"parentId\":36,\"path\":\"\",\"sortValue\":1,\"component\":\"\",\"param\":{},\"name\":\"\",\"perms\":\"bnt.processTemplate.publish\",\"id\":49,\"status\":1}', '{\"code\":200,\"message\":\"\"}', 1, '', NULL, '2022-12-09 09:24:47', NULL, 0);

-- ----------------------------
-- Table structure for sys_post
-- ----------------------------
DROP TABLE IF EXISTS `sys_post`;
CREATE TABLE `sys_post`  (
  `id` bigint(20) NOT NULL AUTO_INCREMENT COMMENT 'ID',
  `post_code` varchar(64) CHARACTER SET utf8 COLLATE utf8_general_ci NOT NULL COMMENT '',
  `name` varchar(50) CHARACTER SET utf8 COLLATE utf8_general_ci NOT NULL DEFAULT '' COMMENT '',
  `description` varchar(255) CHARACTER SET utf8 COLLATE utf8_general_ci NOT NULL DEFAULT '' COMMENT '',
  `status` tinyint(1) NOT NULL DEFAULT 1 COMMENT '1 0',
  `create_time` timestamp NOT NULL DEFAULT CURRENT_TIMESTAMP ON UPDATE CURRENT_TIMESTAMP,
  `update_time` timestamp NULL DEFAULT NULL ON UPDATE CURRENT_TIMESTAMP,
  `is_deleted` tinyint(3) NOT NULL DEFAULT 0 COMMENT '0: 1:',
  PRIMARY KEY (`id`) USING BTREE
) ENGINE = InnoDB AUTO_INCREMENT = 11 CHARACTER SET = utf8 COLLATE = utf8_general_ci COMMENT = '' ROW_FORMAT = Dynamic;

-- ----------------------------
-- Records of sys_post
-- ----------------------------
INSERT INTO `sys_post` VALUES (5, 'rsjl', '', '1', 1, '2022-05-24 10:33:53', '2022-12-07 16:03:05', 0);
INSERT INTO `sys_post` VALUES (6, 'jl', '', '2', 1, '2022-05-24 10:34:08', '2022-12-07 16:00:36', 0);
INSERT INTO `sys_post` VALUES (7, 'wz', '', '', 1, '2022-05-27 08:56:41', '2022-05-27 08:56:41', 1);
INSERT INTO `sys_post` VALUES (8, 'zjl', '', '', 1, '2022-06-08 17:14:21', '2022-12-07 16:01:13', 0);
INSERT INTO `sys_post` VALUES (9, 'bj', '', '', 1, '2022-12-07 16:04:10', NULL, 0);
INSERT INTO `sys_post` VALUES (10, 'yg', '', '', 1, '2022-12-07 16:47:34', '2022-12-22 10:04:29', 0);

-- ----------------------------
-- Table structure for sys_role
-- ----------------------------
DROP TABLE IF EXISTS `sys_role`;
CREATE TABLE `sys_role`  (
  `id` bigint(20) NOT NULL AUTO_INCREMENT COMMENT 'id',
  `role_name` varchar(20) CHARACTER SET utf8 COLLATE utf8_general_ci NOT NULL DEFAULT '' COMMENT '',
  `role_code` varchar(20) CHARACTER SET utf8 COLLATE utf8_general_ci NULL DEFAULT NULL COMMENT '',
  `description` varchar(255) CHARACTER SET utf8 COLLATE utf8_general_ci NULL DEFAULT NULL COMMENT '',
  `create_time` timestamp NOT NULL DEFAULT CURRENT_TIMESTAMP COMMENT '',
  `update_time` timestamp NOT NULL DEFAULT CURRENT_TIMESTAMP ON UPDATE CURRENT_TIMESTAMP COMMENT '',
  `is_deleted` tinyint(3) NOT NULL DEFAULT 0 COMMENT '0: 1:',
  PRIMARY KEY (`id`) USING BTREE
) ENGINE = InnoDB AUTO_INCREMENT = 16 CHARACTER SET = utf8 COLLATE = utf8_general_ci COMMENT = '' ROW_FORMAT = Dynamic;

-- ----------------------------
-- Records of sys_role
-- ----------------------------
INSERT INTO `sys_role` VALUES (1, '', 'SYSTEM', '', '2021-05-31 18:09:18', '2022-06-08 09:21:10', 0);
INSERT INTO `sys_role` VALUES (2, '', 'COMMON', '', '2021-06-01 08:38:40', '2023-04-24 08:23:48', 0);
INSERT INTO `sys_role` VALUES (8, '', 'yhgly', NULL, '2022-06-08 17:39:04', '2023-04-24 08:27:47', 0);
INSERT INTO `sys_role` VALUES (9, 'update', 'update', 'update', '2023-04-24 08:25:23', '2023-04-24 19:38:03', 1);
INSERT INTO `sys_role` VALUES (10, 'test111', 'test1', NULL, '2023-04-24 17:05:15', '2023-04-24 19:38:03', 1);
INSERT INTO `sys_role` VALUES (11, 'test', 'test', NULL, '2023-04-24 17:21:07', '2023-04-24 19:38:21', 1);
INSERT INTO `sys_role` VALUES (12, 'test', '1', NULL, '2023-04-24 19:38:34', '2023-04-24 19:38:34', 0);
INSERT INTO `sys_role` VALUES (13, 'test', '2', NULL, '2023-04-24 19:38:51', '2023-04-24 19:38:51', 0);
INSERT INTO `sys_role` VALUES (14, 'test', '3', NULL, '2023-04-24 19:46:01', '2023-04-24 19:46:01', 0);
INSERT INTO `sys_role` VALUES (15, 'test', '4', NULL, '2023-04-24 19:46:09', '2023-04-24 19:46:09', 0);

-- ----------------------------
-- Table structure for sys_role_menu
-- ----------------------------
DROP TABLE IF EXISTS `sys_role_menu`;
CREATE TABLE `sys_role_menu`  (
  `id` bigint(20) NOT NULL AUTO_INCREMENT,
  `role_id` bigint(20) NOT NULL DEFAULT 0,
  `menu_id` bigint(11) NOT NULL DEFAULT 0,
  `create_time` timestamp NOT NULL DEFAULT CURRENT_TIMESTAMP COMMENT '',
  `update_time` timestamp NOT NULL DEFAULT CURRENT_TIMESTAMP ON UPDATE CURRENT_TIMESTAMP COMMENT '',
  `is_deleted` tinyint(3) NOT NULL DEFAULT 0 COMMENT '0: 1:',
  PRIMARY KEY (`id`) USING BTREE,
  INDEX `idx_role_id`(`role_id`) USING BTREE,
  INDEX `idx_menu_id`(`menu_id`) USING BTREE
) ENGINE = InnoDB AUTO_INCREMENT = 54 CHARACTER SET = utf8 COLLATE = utf8_general_ci COMMENT = '' ROW_FORMAT = Dynamic;

-- ----------------------------
-- Records of sys_role_menu
-- ----------------------------
INSERT INTO `sys_role_menu` VALUES (1, 2, 2, '2022-06-02 16:11:27', '2022-06-02 16:16:10', 1);
INSERT INTO `sys_role_menu` VALUES (2, 2, 3, '2022-06-02 16:11:27', '2022-06-02 16:16:10', 1);
INSERT INTO `sys_role_menu` VALUES (3, 2, 6, '2022-06-02 16:11:27', '2022-06-02 16:16:10', 1);
INSERT INTO `sys_role_menu` VALUES (4, 2, 7, '2022-06-02 16:11:27', '2022-06-02 16:16:10', 1);
INSERT INTO `sys_role_menu` VALUES (5, 2, 8, '2022-06-02 16:11:27', '2022-06-02 16:16:10', 1);
INSERT INTO `sys_role_menu` VALUES (6, 2, 9, '2022-06-02 16:11:27', '2022-06-02 16:16:10', 1);
INSERT INTO `sys_role_menu` VALUES (7, 2, 18, '2022-06-02 16:11:27', '2022-06-02 16:16:10', 1);
INSERT INTO `sys_role_menu` VALUES (8, 2, 4, '2022-06-02 16:11:27', '2022-06-02 16:16:10', 1);
INSERT INTO `sys_role_menu` VALUES (9, 2, 10, '2022-06-02 16:11:27', '2022-06-02 16:16:10', 1);
INSERT INTO `sys_role_menu` VALUES (10, 2, 11, '2022-06-02 16:11:27', '2022-06-02 16:16:10', 1);
INSERT INTO `sys_role_menu` VALUES (11, 2, 12, '2022-06-02 16:11:27', '2022-06-02 16:16:10', 1);
INSERT INTO `sys_role_menu` VALUES (12, 2, 13, '2022-06-02 16:11:27', '2022-06-02 16:16:10', 1);
INSERT INTO `sys_role_menu` VALUES (13, 2, 19, '2022-06-02 16:11:27', '2022-06-02 16:16:10', 1);
INSERT INTO `sys_role_menu` VALUES (14, 2, 5, '2022-06-02 16:11:27', '2022-06-02 16:16:10', 1);
INSERT INTO `sys_role_menu` VALUES (15, 2, 14, '2022-06-02 16:11:27', '2022-06-02 16:16:10', 1);
INSERT INTO `sys_role_menu` VALUES (16, 2, 15, '2022-06-02 16:11:27', '2022-06-02 16:16:10', 1);
INSERT INTO `sys_role_menu` VALUES (17, 2, 16, '2022-06-02 16:11:27', '2022-06-02 16:16:10', 1);
INSERT INTO `sys_role_menu` VALUES (18, 2, 17, '2022-06-02 16:11:27', '2022-06-02 16:16:10', 1);
INSERT INTO `sys_role_menu` VALUES (19, 2, 2, '2022-06-02 16:16:10', '2022-06-09 09:26:34', 1);
INSERT INTO `sys_role_menu` VALUES (20, 2, 3, '2022-06-02 16:16:10', '2022-06-09 09:26:34', 1);
INSERT INTO `sys_role_menu` VALUES (21, 2, 6, '2022-06-02 16:16:10', '2022-06-09 09:26:34', 1);
INSERT INTO `sys_role_menu` VALUES (22, 2, 7, '2022-06-02 16:16:10', '2022-06-09 09:26:34', 1);
INSERT INTO `sys_role_menu` VALUES (23, 2, 8, '2022-06-02 16:16:10', '2022-06-09 09:26:34', 1);
INSERT INTO `sys_role_menu` VALUES (24, 2, 2, '2022-06-09 09:26:34', '2023-05-10 21:19:31', 1);
INSERT INTO `sys_role_menu` VALUES (25, 2, 3, '2022-06-09 09:26:34', '2023-05-10 21:19:31', 1);
INSERT INTO `sys_role_menu` VALUES (26, 2, 6, '2022-06-09 09:26:34', '2023-05-10 21:19:31', 1);
INSERT INTO `sys_role_menu` VALUES (27, 2, 7, '2022-06-09 09:26:34', '2023-05-10 21:19:31', 1);
INSERT INTO `sys_role_menu` VALUES (28, 2, 8, '2022-06-09 09:26:34', '2023-05-10 21:19:31', 1);
INSERT INTO `sys_role_menu` VALUES (29, 2, 5, '2022-06-09 09:26:34', '2023-05-10 21:19:31', 1);
INSERT INTO `sys_role_menu` VALUES (30, 2, 14, '2022-06-09 09:26:34', '2023-05-10 21:19:31', 1);
INSERT INTO `sys_role_menu` VALUES (31, 2, 20, '2022-06-09 09:26:34', '2023-05-10 21:19:31', 1);
INSERT INTO `sys_role_menu` VALUES (32, 2, 21, '2022-06-09 09:26:34', '2023-05-10 21:19:31', 1);
INSERT INTO `sys_role_menu` VALUES (33, 13, 2, '2023-04-26 22:28:32', '2023-04-26 22:28:32', 0);
INSERT INTO `sys_role_menu` VALUES (34, 13, 3, '2023-04-26 22:28:32', '2023-04-26 22:28:32', 0);
INSERT INTO `sys_role_menu` VALUES (35, 13, 6, '2023-04-26 22:28:32', '2023-04-26 22:28:32', 0);
INSERT INTO `sys_role_menu` VALUES (36, 13, 7, '2023-04-26 22:28:32', '2023-04-26 22:28:32', 0);
INSERT INTO `sys_role_menu` VALUES (37, 15, 2, '2023-05-08 12:13:01', '2023-05-08 12:13:01', 0);
INSERT INTO `sys_role_menu` VALUES (38, 15, 3, '2023-05-08 12:13:01', '2023-05-08 12:13:01', 0);
INSERT INTO `sys_role_menu` VALUES (39, 15, 6, '2023-05-08 12:13:01', '2023-05-08 12:13:01', 0);
INSERT INTO `sys_role_menu` VALUES (40, 15, 8, '2023-05-08 12:13:01', '2023-05-08 12:13:01', 0);
INSERT INTO `sys_role_menu` VALUES (41, 15, 18, '2023-05-08 12:13:01', '2023-05-08 12:13:01', 0);
INSERT INTO `sys_role_menu` VALUES (42, 15, 4, '2023-05-08 12:13:01', '2023-05-08 12:13:01', 0);
INSERT INTO `sys_role_menu` VALUES (43, 15, 10, '2023-05-08 12:13:01', '2023-05-08 12:13:01', 0);
INSERT INTO `sys_role_menu` VALUES (44, 15, 11, '2023-05-08 12:13:01', '2023-05-08 12:13:01', 0);
INSERT INTO `sys_role_menu` VALUES (45, 15, 12, '2023-05-08 12:13:01', '2023-05-08 12:13:01', 0);
INSERT INTO `sys_role_menu` VALUES (46, 15, 13, '2023-05-08 12:13:01', '2023-05-08 12:13:01', 0);
INSERT INTO `sys_role_menu` VALUES (47, 15, 19, '2023-05-08 12:13:01', '2023-05-08 12:13:01', 0);
INSERT INTO `sys_role_menu` VALUES (48, 2, 2, '2023-05-10 21:19:31', '2023-05-10 21:19:31', 0);
INSERT INTO `sys_role_menu` VALUES (49, 2, 4, '2023-05-10 21:19:31', '2023-05-10 21:19:31', 0);
INSERT INTO `sys_role_menu` VALUES (50, 2, 10, '2023-05-10 21:19:31', '2023-05-10 21:19:31', 0);
INSERT INTO `sys_role_menu` VALUES (51, 2, 11, '2023-05-10 21:19:31', '2023-05-10 21:19:31', 0);
INSERT INTO `sys_role_menu` VALUES (52, 2, 12, '2023-05-10 21:19:31', '2023-05-10 21:19:31', 0);
INSERT INTO `sys_role_menu` VALUES (53, 2, 19, '2023-05-10 21:19:31', '2023-05-10 21:19:31', 0);

-- ----------------------------
-- Table structure for sys_user
-- ----------------------------
DROP TABLE IF EXISTS `sys_user`;
CREATE TABLE `sys_user`  (
  `id` bigint(20) NOT NULL AUTO_INCREMENT COMMENT 'id',
  `username` varchar(20) CHARACTER SET utf8mb4 COLLATE utf8mb4_general_ci NOT NULL DEFAULT '' COMMENT '',
  `password` varchar(32) CHARACTER SET utf8mb4 COLLATE utf8mb4_general_ci NOT NULL DEFAULT '' COMMENT '',
  `name` varchar(50) CHARACTER SET utf8mb4 COLLATE utf8mb4_general_ci NULL DEFAULT NULL COMMENT '',
  `phone` varchar(11) CHARACTER SET utf8mb4 COLLATE utf8mb4_general_ci NULL DEFAULT NULL COMMENT '',
  `head_url` varchar(200) CHARACTER SET utf8mb4 COLLATE utf8mb4_general_ci NULL DEFAULT NULL COMMENT '',
  `dept_id` bigint(20) NULL DEFAULT NULL COMMENT 'id',
  `post_id` bigint(20) NULL DEFAULT NULL COMMENT 'id',
  `open_id` varchar(255) CHARACTER SET utf8mb4 COLLATE utf8mb4_general_ci NULL DEFAULT NULL COMMENT 'openId',
  `description` varchar(255) CHARACTER SET utf8mb4 COLLATE utf8mb4_general_ci NULL DEFAULT NULL COMMENT '',
  `status` tinyint(3) NULL DEFAULT NULL COMMENT '1 0',
  `create_time` timestamp NOT NULL DEFAULT CURRENT_TIMESTAMP COMMENT '',
  `update_time` timestamp NOT NULL DEFAULT CURRENT_TIMESTAMP ON UPDATE CURRENT_TIMESTAMP COMMENT '',
  `is_deleted` tinyint(3) NOT NULL DEFAULT 0 COMMENT '0: 1:',
  PRIMARY KEY (`id`) USING BTREE,
  UNIQUE INDEX `idx_username`(`username`) USING BTREE
) ENGINE = InnoDB AUTO_INCREMENT = 15 CHARACTER SET = utf8mb4 COLLATE = utf8mb4_general_ci COMMENT = '' ROW_FORMAT = Dynamic;

-- ----------------------------
-- Records of sys_user
-- ----------------------------
INSERT INTO `sys_user` VALUES (1, 'admin', '96e79218965eb72c92a549dd5a330112', 'admin', '15000000000', 'http://r61cnlsfq.hn-bkt.clouddn.com/7daa4595-dfde-45da-8513-c5c2b81d20cc', 1022, NULL, '', NULL, 1, '2021-05-31 18:08:43', '2023-04-24 21:02:01', 0);
INSERT INTO `sys_user` VALUES (2, 'wjl', '96e79218965eb72c92a549dd5a330112', '', '15000000002', 'http://r61cnlsfq.hn-bkt.clouddn.com/b09b3467-3d99-437a-bd2e-dd8c9be92bb8', 1022, 6, '', NULL, 1, '2022-02-08 10:35:38', '2022-12-22 10:05:03', 0);
INSERT INTO `sys_user` VALUES (3, 'lrsjl', '96e79218965eb72c92a549dd5a330112', '', '15000000004', NULL, 2018, 5, '', NULL, 1, '2022-05-24 11:05:40', '2022-12-22 10:05:21', 0);
INSERT INTO `sys_user` VALUES (4, 'lisi', '96e79218965eb72c92a549dd5a330112', '', '15000000001', NULL, 1021, 10, 'omwf25izKON9dktgoy0dogqvnGhk', NULL, 1, '2022-12-06 09:32:31', '2023-05-15 21:44:07', 0);
INSERT INTO `sys_user` VALUES (5, 'zzjl', '96e79218965eb72c92a549dd5a330112', '', '15000000003', NULL, 10, 8, '', NULL, 1, '2022-12-07 16:47:00', '2022-12-22 10:05:07', 0);
INSERT INTO `sys_user` VALUES (6, 'xkfzr', '96e79218965eb72c92a549dd5a330112', '', '15000000005', NULL, 1010, 11, NULL, NULL, 1, '2022-12-14 09:18:12', '2022-12-14 09:18:12', 0);
INSERT INTO `sys_user` VALUES (7, 'zhangsan', '96e79218965eb72c92a549dd5a330112', '', '15000000006', NULL, 1021, 10, NULL, NULL, 1, '2022-12-26 11:26:45', '2023-05-15 21:44:19', 0);
INSERT INTO `sys_user` VALUES (11, 'rose01', '96e79218965eb72c92a549dd5a330112', '01', '15000000007', NULL, 1021, 10, NULL, NULL, 1, '2022-12-26 11:27:33', '2023-05-12 23:59:54', 0);
INSERT INTO `sys_user` VALUES (12, 'zhangsan02', '96e79218965eb72c92a549dd5a330112', '02', '15000000008', NULL, 1021, 10, NULL, NULL, 1, '2022-12-26 11:27:39', '2022-12-27 09:11:39', 0);
INSERT INTO `sys_user` VALUES (13, '', '', 'test01', '', '', 0, 0, '', '', 0, '2023-04-24 21:03:22', '2023-04-24 21:04:37', 0);
INSERT INTO `sys_user` VALUES (14, 'test', '123', 'zss', '13234234', NULL, NULL, NULL, NULL, NULL, 1, '2023-04-24 21:20:13', '2023-04-24 21:41:54', 1);

-- ----------------------------
-- Table structure for sys_user_role
-- ----------------------------
DROP TABLE IF EXISTS `sys_user_role`;
CREATE TABLE `sys_user_role`  (
  `id` bigint(20) NOT NULL AUTO_INCREMENT COMMENT 'id',
  `role_id` bigint(20) NOT NULL DEFAULT 0 COMMENT 'id',
  `user_id` bigint(20) NOT NULL DEFAULT 0 COMMENT 'id',
  `create_time` timestamp NOT NULL DEFAULT CURRENT_TIMESTAMP COMMENT '',
  `update_time` timestamp NOT NULL DEFAULT CURRENT_TIMESTAMP ON UPDATE CURRENT_TIMESTAMP COMMENT '',
  `is_deleted` tinyint(3) NOT NULL DEFAULT 0 COMMENT '0: 1:',
  PRIMARY KEY (`id`) USING BTREE,
  INDEX `idx_role_id`(`role_id`) USING BTREE,
  INDEX `idx_admin_id`(`user_id`) USING BTREE
) ENGINE = InnoDB AUTO_INCREMENT = 16 CHARACTER SET = utf8 COLLATE = utf8_general_ci COMMENT = '' ROW_FORMAT = Dynamic;

-- ----------------------------
-- Records of sys_user_role
-- ----------------------------
INSERT INTO `sys_user_role` VALUES (2, 2, 2, '2022-01-20 20:49:37', '2023-05-07 15:35:23', 0);
INSERT INTO `sys_user_role` VALUES (3, 1, 1, '2022-05-19 10:37:27', '2023-05-07 15:35:26', 0);
INSERT INTO `sys_user_role` VALUES (4, 2, 1, '2022-05-19 10:37:27', '2023-05-07 15:35:29', 0);
INSERT INTO `sys_user_role` VALUES (5, 1, 1, '2022-05-24 16:55:53', '2022-05-24 16:55:53', 0);
INSERT INTO `sys_user_role` VALUES (6, 2, 3, '2022-05-25 16:09:31', '2023-05-06 14:54:15', 1);
INSERT INTO `sys_user_role` VALUES (7, 2, 4, '2022-06-02 11:08:14', '2022-06-02 11:15:36', 1);
INSERT INTO `sys_user_role` VALUES (8, 2, 4, '2022-06-02 11:15:36', '2022-06-02 16:10:53', 1);
INSERT INTO `sys_user_role` VALUES (9, 1, 4, '2022-06-02 11:15:36', '2022-06-02 16:10:53', 1);
INSERT INTO `sys_user_role` VALUES (10, 1, 4, '2022-06-02 16:10:53', '2023-05-08 12:11:48', 1);
INSERT INTO `sys_user_role` VALUES (11, 15, 13, '2023-04-25 00:27:22', '2023-05-08 12:12:19', 1);
INSERT INTO `sys_user_role` VALUES (12, 14, 13, '2023-04-25 00:27:22', '2023-05-08 12:12:19', 1);
INSERT INTO `sys_user_role` VALUES (13, 2, 2, '2023-05-06 14:54:03', '2023-05-06 14:55:45', 0);
INSERT INTO `sys_user_role` VALUES (14, 2, 4, '2023-05-08 12:11:48', '2023-05-08 12:11:48', 0);
INSERT INTO `sys_user_role` VALUES (15, 15, 13, '2023-05-08 12:12:19', '2023-05-08 12:12:19', 0);

-- ----------------------------
-- Table structure for wechat_menu
-- ----------------------------
DROP TABLE IF EXISTS `wechat_menu`;
CREATE TABLE `wechat_menu`  (
  `id` bigint(20) NOT NULL AUTO_INCREMENT COMMENT '',
  `parent_id` bigint(20) NULL DEFAULT NULL COMMENT 'id',
  `name` varchar(50) CHARACTER SET utf8 COLLATE utf8_general_ci NULL DEFAULT NULL COMMENT '',
  `type` varchar(10) CHARACTER SET utf8 COLLATE utf8_general_ci NULL DEFAULT NULL COMMENT '',
  `url` varchar(100) CHARACTER SET utf8 COLLATE utf8_general_ci NULL DEFAULT NULL COMMENT ' ',
  `meun_key` varchar(20) CHARACTER SET utf8 COLLATE utf8_general_ci NULL DEFAULT NULL COMMENT 'KEY',
  `sort` tinyint(3) NULL DEFAULT NULL COMMENT '',
  `create_time` timestamp NOT NULL DEFAULT CURRENT_TIMESTAMP COMMENT '',
  `update_time` timestamp NOT NULL DEFAULT CURRENT_TIMESTAMP ON UPDATE CURRENT_TIMESTAMP,
  `is_deleted` tinyint(3) NOT NULL DEFAULT 0,
  PRIMARY KEY (`id`) USING BTREE
) ENGINE = InnoDB AUTO_INCREMENT = 10 CHARACTER SET = utf8 COLLATE = utf8_general_ci COMMENT = '' ROW_FORMAT = Dynamic;

-- ----------------------------
-- Records of wechat_menu
-- ----------------------------
INSERT INTO `wechat_menu` VALUES (2, 0, '', NULL, NULL, NULL, 1, '2022-12-13 09:23:30', '2022-12-13 09:29:22', 0);
INSERT INTO `wechat_menu` VALUES (3, 0, '', 'view', '/', NULL, 2, '2022-12-13 09:23:44', '2022-12-13 09:54:20', 0);
INSERT INTO `wechat_menu` VALUES (4, 0, '', NULL, NULL, NULL, 3, '2022-12-13 09:23:52', '2022-12-13 09:29:24', 0);
INSERT INTO `wechat_menu` VALUES (5, 2, '', 'view', '/list/0', '', 1, '2022-12-13 09:19:56', '2022-12-13 09:24:10', 0);
INSERT INTO `wechat_menu` VALUES (6, 2, '', 'view', '/list/1', '', 2, '2022-12-13 09:27:00', '2022-12-13 09:29:28', 0);
INSERT INTO `wechat_menu` VALUES (7, 2, '', 'view', '/list/1', '', 3, '2022-12-13 09:27:30', '2022-12-13 09:29:30', 0);
INSERT INTO `wechat_menu` VALUES (8, 4, '', 'view', '/user', '', 1, '2022-12-13 09:28:47', '2022-12-13 09:28:47', 0);
INSERT INTO `wechat_menu` VALUES (9, 4, '', 'view', '/about', '', 2, '2022-12-13 09:29:08', '2022-12-13 09:29:32', 0);

SET FOREIGN_KEY_CHECKS = 1;
